ts_utc,url,swimmers
2024-09-18 13:02:25,https://www.stadt-zuerich.ch/ssd/de/index/sport/schwimmen/hallenbaeder/hallenbad_city.html,92
2024-09-18 13:04:49,https://www.stadt-zuerich.ch/ssd/de/index/sport/schwimmen/hallenbaeder/hallenbad_city.html,98
2024-09-18 13:57:24,https://www.stadt-zuerich.ch/ssd/de/index/sport/schwimmen/hallenbaeder/hallenbad_city.html,130
2024-09-18 14:02:51,https://www.stadt-zuerich.ch/ssd/de/index/sport/schwimmen/hallenbaeder/hallenbad_city.html,130
2024-09-18 14:13:47,https://www.stadt-zuerich.ch/ssd/de/index/sport/schwimmen/hallenbaeder/hallenbad_city.html,136
2024-09-18 14:21:51,https://www.stadt-zuerich.ch/ssd/de/index/sport/schwimmen/hallenbaeder/hallenbad_city.html,138
2024-09-18 14:34:07,https://www.stadt-zuerich.ch/ssd/de/index/sport/schwimmen/hallenbaeder/hallenbad_city.html,143
2024-09-18 14:54:33,https://www.stadt-zuerich.ch/ssd/de/index/sport/schwimmen/hallenbaeder/hallenbad_city.html,150
2024-09-18 15:27:53,https://www.stadt-zuerich.ch/ssd/de/index/sport/schwimmen/hallenbaeder/hallenbad_city.html,149
2024-09-18 16:32:30,https://www.stadt-zuerich.ch/ssd/de/index/sport/schwimmen/hallenbaeder/hallenbad_city.html,156
2024-09-18 17:37:00,https://www.stadt-zuerich.ch/ssd/de/index/sport/schwimmen/hallenbaeder/hallenbad_city.html,116
2024-09-18 17:54:55,https://www.stadt-zuerich.ch/ssd/de/index/sport/schwimmen/hallenbaeder/hallenbad_city.html,134
2024-09-18 18:33:31,https://www.stadt-zuerich.ch/ssd/de/index/sport/schwimmen/hallenbaeder/hallenbad_city.html,113
2024-09-18 18:55:00,https://www.stadt-zuerich.ch/ssd/de/index/sport/schwimmen/hallenbaeder/hallenbad_city.html,113
2024-09-18 19:22:21,https://www.stadt-zuerich.ch/ssd/de/index/sport/schwimmen/hallenbaeder/hallenbad_city.html,93
2024-09-18 19:36:09,https://www.stadt-zuerich.ch/ssd/de/index/sport/schwimmen/hallenbaeder/hallenbad_city.html,73
2024-09-18 19:54:33,https://www.stadt-zuerich.ch/ssd/de/index/sport/schwimmen/hallenbaeder/hallenbad_city.html,33
2024-09-18 20:27:10,https://www.stadt-zuerich.ch/ssd/de/index/sport/schwimmen/hallenbaeder/hallenbad_city.html,0
2024-09-18 20:37:46,https://www.stadt-zuerich.ch/ssd/de/index/sport/schwimmen/hallenbaeder/hallenbad_city.html,0
2024-09-18 20:54:38,https://www.stadt-zuerich.ch/ssd/de/index/sport/schwimmen/hallenbaeder/hallenbad_city.html,2
2024-09-18 21:24:33,https://www.stadt-zuerich.ch/ssd/de/index/sport/schwimmen/hallenbaeder/hallenbad_city.html,2
2024-09-18 21:35:15,https://www.stadt-zuerich.ch/ssd/de/index/sport/schwimmen/hallenbaeder/hallenbad_city.html,2
2024-09-18 21:54:40,https://www.stadt-zuerich.ch/ssd/de/index/sport/schwimmen/hallenbaeder/hallenbad_city.html,2
2024-09-19 03:41:30,https://www.stadt-zuerich.ch/ssd/de/index/sport/schwimmen/hallenbaeder/hallenbad_city.html,1
2024-09-19 03:54:53,https://www.stadt-zuerich.ch/ssd/de/index/sport/schwimmen/hallenbaeder/hallenbad_city.html,1
2024-09-19 04:30:42,https://www.stadt-zuerich.ch/ssd/de/index/sport/schwimmen/hallenbaeder/hallenbad_city.html,75
2024-09-19 04:44:09,https://www.stadt-zuerich.ch/ssd/de/index/sport/schwimmen/hallenbaeder/hallenbad_city.html,90
2024-09-19 04:54:34,https://www.stadt-zuerich.ch/ssd/de/index/sport/schwimmen/hallenbaeder/hallenbad_city.html,94
2024-09-19 05:28:08,https://www.stadt-zuerich.ch/ssd/de/index/sport/schwimmen/hallenbaeder/hallenbad_city.html,113
2024-09-19 05:39:14,https://www.stadt-zuerich.ch/ssd/de/index/sport/schwimmen/hallenbaeder/hallenbad_city.html,108
2024-09-19 05:54:26,https://www.stadt-zuerich.ch/ssd/de/index/sport/schwimmen/hallenbaeder/hallenbad_city.html,92
2024-09-19 06:14:33,https://www.stadt-zuerich.ch/ssd/de/index/sport/schwimmen/hallenbaeder/hallenbad_city.html,96
2024-09-19 06:34:56,https://www.stadt-zuerich.ch/ssd/de/index/sport/schwimmen/hallenbaeder/hallenbad_city.html,86
2024-09-19 06:54:41,https://www.stadt-zuerich.ch/ssd/de/index/sport/schwimmen/hallenbaeder/hallenbad_city.html,87
2024-09-19 07:24:10,https://www.stadt-zuerich.ch/ssd/de/index/sport/schwimmen/hallenbaeder/hallenbad_city.html,92
2024-09-19 07:30:56,https://www.stadt-zuerich.ch/ssd/de/index/sport/schwimmen/hallenbaeder/hallenbad_city.html,75
2024-09-19 07:36:03,https://www.stadt-zuerich.ch/ssd/de/index/sport/schwimmen/hallenbaeder/hallenbad_city.html,74
2024-09-19 07:54:52,https://www.stadt-zuerich.ch/ssd/de/index/sport/schwimmen/hallenbaeder/hallenbad_city.html,71
2024-09-19 08:32:26,https://www.stadt-zuerich.ch/ssd/de/index/sport/schwimmen/hallenbaeder/hallenbad_city.html,
2024-09-19 08:54:27,https://www.stadt-zuerich.ch/ssd/de/index/sport/schwimmen/hallenbaeder/hallenbad_city.html,122
2024-09-19 09:27:18,https://www.stadt-zuerich.ch/ssd/de/index/sport/schwimmen/hallenbaeder/hallenbad_city.html,105
2024-09-19 09:37:30,https://www.stadt-zuerich.ch/ssd/de/index/sport/schwimmen/hallenbaeder/hallenbad_city.html,95
2024-09-19 09:54:23,https://www.stadt-zuerich.ch/ssd/de/index/sport/schwimmen/hallenbaeder/hallenbad_city.html,106
2024-09-19 10:30:18,https://www.stadt-zuerich.ch/ssd/de/index/sport/schwimmen/hallenbaeder/hallenbad_city.html,113
2024-09-19 10:42:39,https://www.stadt-zuerich.ch/ssd/de/index/sport/schwimmen/hallenbaeder/hallenbad_city.html,117
2024-09-19 10:54:35,https://www.stadt-zuerich.ch/ssd/de/index/sport/schwimmen/hallenbaeder/hallenbad_city.html,104
2024-09-19 11:22:33,https://www.stadt-zuerich.ch/ssd/de/index/sport/schwimmen/hallenbaeder/hallenbad_city.html,
2024-09-19 11:35:54,https://www.stadt-zuerich.ch/ssd/de/index/sport/schwimmen/hallenbaeder/hallenbad_city.html,73
2024-09-19 11:54:38,https://www.stadt-zuerich.ch/ssd/de/index/sport/schwimmen/hallenbaeder/hallenbad_city.html,67
2024-09-19 12:48:58,https://www.stadt-zuerich.ch/ssd/de/index/sport/schwimmen/hallenbaeder/hallenbad_city.html,103
2024-09-19 13:13:24,https://www.stadt-zuerich.ch/ssd/de/index/sport/schwimmen/hallenbaeder/hallenbad_city.html,101
2024-09-19 13:39:36,https://www.stadt-zuerich.ch/ssd/de/index/sport/schwimmen/hallenbaeder/hallenbad_city.html,80
2024-09-19 13:54:50,https://www.stadt-zuerich.ch/ssd/de/index/sport/schwimmen/hallenbaeder/hallenbad_city.html,88
2024-09-19 14:27:43,https://www.stadt-zuerich.ch/ssd/de/index/sport/schwimmen/hallenbaeder/hallenbad_city.html,96
2024-09-19 14:39:54,https://www.stadt-zuerich.ch/ssd/de/index/sport/schwimmen/hallenbaeder/hallenbad_city.html,103
2024-09-19 14:54:33,https://www.stadt-zuerich.ch/ssd/de/index/sport/schwimmen/hallenbaeder/hallenbad_city.html,107
2024-09-19 15:28:04,https://www.stadt-zuerich.ch/ssd/de/index/sport/schwimmen/hallenbaeder/hallenbad_city.html,105
2024-09-19 15:39:10,https://www.stadt-zuerich.ch/ssd/de/index/sport/schwimmen/hallenbaeder/hallenbad_city.html,
2024-09-19 15:54:46,https://www.stadt-zuerich.ch/ssd/de/index/sport/schwimmen/hallenbaeder/hallenbad_city.html,117
2024-09-19 16:32:33,https://www.stadt-zuerich.ch/ssd/de/index/sport/schwimmen/hallenbaeder/hallenbad_city.html,114
2024-09-19 16:54:36,https://www.stadt-zuerich.ch/ssd/de/index/sport/schwimmen/hallenbaeder/hallenbad_city.html,
2024-09-19 17:25:56,https://www.stadt-zuerich.ch/ssd/de/index/sport/schwimmen/hallenbaeder/hallenbad_city.html,129
2024-09-19 17:37:40,https://www.stadt-zuerich.ch/ssd/de/index/sport/schwimmen/hallenbaeder/hallenbad_city.html,125
2024-09-19 17:54:37,https://www.stadt-zuerich.ch/ssd/de/index/sport/schwimmen/hallenbaeder/hallenbad_city.html,136
2024-09-19 18:33:21,https://www.stadt-zuerich.ch/ssd/de/index/sport/schwimmen/hallenbaeder/hallenbad_city.html,106
2024-09-19 18:54:46,https://www.stadt-zuerich.ch/ssd/de/index/sport/schwimmen/hallenbaeder/hallenbad_city.html,98
2024-09-19 19:21:13,https://www.stadt-zuerich.ch/ssd/de/index/sport/schwimmen/hallenbaeder/hallenbad_city.html,68
2024-09-19 19:35:43,https://www.stadt-zuerich.ch/ssd/de/index/sport/schwimmen/hallenbaeder/hallenbad_city.html,54
2024-09-19 19:54:27,https://www.stadt-zuerich.ch/ssd/de/index/sport/schwimmen/hallenbaeder/hallenbad_city.html,31
2024-09-19 20:26:55,https://www.stadt-zuerich.ch/ssd/de/index/sport/schwimmen/hallenbaeder/hallenbad_city.html,0
2024-09-19 20:37:05,https://www.stadt-zuerich.ch/ssd/de/index/sport/schwimmen/hallenbaeder/hallenbad_city.html,0
2024-09-19 20:54:24,https://www.stadt-zuerich.ch/ssd/de/index/sport/schwimmen/hallenbaeder/hallenbad_city.html,1
2024-09-19 21:23:35,https://www.stadt-zuerich.ch/ssd/de/index/sport/schwimmen/hallenbaeder/hallenbad_city.html,1
2024-09-19 21:36:04,https://www.stadt-zuerich.ch/ssd/de/index/sport/schwimmen/hallenbaeder/hallenbad_city.html,1
2024-09-19 21:54:35,https://www.stadt-zuerich.ch/ssd/de/index/sport/schwimmen/hallenbaeder/hallenbad_city.html,1
2024-09-20 03:29:47,https://www.stadt-zuerich.ch/ssd/de/index/sport/schwimmen/hallenbaeder/hallenbad_city.html,0
2024-09-20 03:42:15,https://www.stadt-zuerich.ch/ssd/de/index/sport/schwimmen/hallenbaeder/hallenbad_city.html,0
2024-09-20 03:54:34,https://www.stadt-zuerich.ch/ssd/de/index/sport/schwimmen/hallenbaeder/hallenbad_city.html,
2024-09-20 04:30:13,https://www.stadt-zuerich.ch/ssd/de/index/sport/schwimmen/hallenbaeder/hallenbad_city.html,83
2024-09-20 04:43:06,https://www.stadt-zuerich.ch/ssd/de/index/sport/schwimmen/hallenbaeder/hallenbad_city.html,90
2024-09-20 04:54:38,https://www.stadt-zuerich.ch/ssd/de/index/sport/schwimmen/hallenbaeder/hallenbad_city.html,93
2024-09-20 05:28:19,https://www.stadt-zuerich.ch/ssd/de/index/sport/schwimmen/hallenbaeder/hallenbad_city.html,92
2024-09-20 05:40:18,https://www.stadt-zuerich.ch/ssd/de/index/sport/schwimmen/hallenbaeder/hallenbad_city.html,76
2024-09-20 05:54:40,https://www.stadt-zuerich.ch/ssd/de/index/sport/schwimmen/hallenbaeder/hallenbad_city.html,78
2024-09-20 06:34:56,https://www.stadt-zuerich.ch/ssd/de/index/sport/schwimmen/hallenbaeder/hallenbad_city.html,129
2024-09-20 06:54:34,https://www.stadt-zuerich.ch/ssd/de/index/sport/schwimmen/hallenbaeder/hallenbad_city.html,126
2024-09-20 07:13:50,https://www.stadt-zuerich.ch/ssd/de/index/sport/schwimmen/hallenbaeder/hallenbad_city.html,142
2024-09-20 07:22:31,https://www.stadt-zuerich.ch/ssd/de/index/sport/schwimmen/hallenbaeder/hallenbad_city.html,121
2024-09-20 07:25:36,https://www.stadt-zuerich.ch/ssd/de/index/sport/schwimmen/hallenbaeder/hallenbad_city.html,121
2024-09-20 07:35:31,https://www.stadt-zuerich.ch/ssd/de/index/sport/schwimmen/hallenbaeder/hallenbad_city.html,103
2024-09-20 07:54:18,https://www.stadt-zuerich.ch/ssd/de/index/sport/schwimmen/hallenbaeder/hallenbad_city.html,92
2024-09-20 08:31:44,https://www.stadt-zuerich.ch/ssd/de/index/sport/schwimmen/hallenbaeder/hallenbad_city.html,132
2024-09-20 08:45:00,https://www.stadt-zuerich.ch/ssd/de/index/sport/schwimmen/hallenbaeder/hallenbad_city.html,116
2024-09-20 08:54:39,https://www.stadt-zuerich.ch/ssd/de/index/sport/schwimmen/hallenbaeder/hallenbad_city.html,
2024-09-20 09:30:33,https://www.stadt-zuerich.ch/ssd/de/index/sport/schwimmen/hallenbaeder/hallenbad_city.html,
2024-09-20 09:42:49,https://www.stadt-zuerich.ch/ssd/de/index/sport/schwimmen/hallenbaeder/hallenbad_city.html,90
2024-09-20 09:54:17,https://www.stadt-zuerich.ch/ssd/de/index/sport/schwimmen/hallenbaeder/hallenbad_city.html,103
2024-09-20 10:30:32,https://www.stadt-zuerich.ch/ssd/de/index/sport/schwimmen/hallenbaeder/hallenbad_city.html,102
2024-09-20 10:42:32,https://www.stadt-zuerich.ch/ssd/de/index/sport/schwimmen/hallenbaeder/hallenbad_city.html,105
2024-09-20 10:54:34,https://www.stadt-zuerich.ch/ssd/de/index/sport/schwimmen/hallenbaeder/hallenbad_city.html,101
2024-09-20 11:22:27,https://www.stadt-zuerich.ch/ssd/de/index/sport/schwimmen/hallenbaeder/hallenbad_city.html,83
2024-09-20 11:36:08,https://www.stadt-zuerich.ch/ssd/de/index/sport/schwimmen/hallenbaeder/hallenbad_city.html,99
2024-09-20 11:54:45,https://www.stadt-zuerich.ch/ssd/de/index/sport/schwimmen/hallenbaeder/hallenbad_city.html,106
2024-09-25 11:45:50,https://www.stadt-zuerich.ch/ssd/de/index/sport/schwimmen/hallenbaeder/hallenbad_city.html,
2024-10-02 08:33:13,https://www.stadt-zuerich.ch/ssd/de/index/sport/schwimmen/hallenbaeder/hallenbad_city.html,106
2024-10-02 08:54:39,https://www.stadt-zuerich.ch/ssd/de/index/sport/schwimmen/hallenbaeder/hallenbad_city.html,108
2024-10-02 09:28:04,https://www.stadt-zuerich.ch/ssd/de/index/sport/schwimmen/hallenbaeder/hallenbad_city.html,92
2024-10-02 09:39:08,https://www.stadt-zuerich.ch/ssd/de/index/sport/schwimmen/hallenbaeder/hallenbad_city.html,97
2024-10-02 09:54:30,https://www.stadt-zuerich.ch/ssd/de/index/sport/schwimmen/hallenbaeder/hallenbad_city.html,97
2024-10-02 10:30:34,https://www.stadt-zuerich.ch/ssd/de/index/sport/schwimmen/hallenbaeder/hallenbad_city.html,120
2024-10-02 10:43:23,https://www.stadt-zuerich.ch/ssd/de/index/sport/schwimmen/hallenbaeder/hallenbad_city.html,111
2024-10-02 10:54:35,https://www.stadt-zuerich.ch/ssd/de/index/sport/schwimmen/hallenbaeder/hallenbad_city.html,112
2024-10-02 11:22:29,https://www.stadt-zuerich.ch/ssd/de/index/sport/schwimmen/hallenbaeder/hallenbad_city.html,92
2024-10-02 11:35:51,https://www.stadt-zuerich.ch/ssd/de/index/sport/schwimmen/hallenbaeder/hallenbad_city.html,84
2024-10-02 11:54:46,https://www.stadt-zuerich.ch/ssd/de/index/sport/schwimmen/hallenbaeder/hallenbad_city.html,80
2024-10-02 12:50:02,https://www.stadt-zuerich.ch/ssd/de/index/sport/schwimmen/hallenbaeder/hallenbad_city.html,107
2024-10-02 13:14:49,https://www.stadt-zuerich.ch/ssd/de/index/sport/schwimmen/hallenbaeder/hallenbad_city.html,122
2024-10-02 13:40:15,https://www.stadt-zuerich.ch/ssd/de/index/sport/schwimmen/hallenbaeder/hallenbad_city.html,130
2024-10-02 13:54:37,https://www.stadt-zuerich.ch/ssd/de/index/sport/schwimmen/hallenbaeder/hallenbad_city.html,154
2024-10-02 14:26:35,https://www.stadt-zuerich.ch/ssd/de/index/sport/schwimmen/hallenbaeder/hallenbad_city.html,164
2024-10-02 14:39:34,https://www.stadt-zuerich.ch/ssd/de/index/sport/schwimmen/hallenbaeder/hallenbad_city.html,166
2024-10-02 14:54:27,https://www.stadt-zuerich.ch/ssd/de/index/sport/schwimmen/hallenbaeder/hallenbad_city.html,172
2024-10-02 15:40:23,https://www.stadt-zuerich.ch/ssd/de/index/sport/schwimmen/hallenbaeder/hallenbad_city.html,174
2024-10-02 15:54:34,https://www.stadt-zuerich.ch/ssd/de/index/sport/schwimmen/hallenbaeder/hallenbad_city.html,205
2024-10-02 16:33:40,https://www.stadt-zuerich.ch/ssd/de/index/sport/schwimmen/hallenbaeder/hallenbad_city.html,224
2024-10-02 16:54:45,https://www.stadt-zuerich.ch/ssd/de/index/sport/schwimmen/hallenbaeder/hallenbad_city.html,223
2024-10-02 17:25:35,https://www.stadt-zuerich.ch/ssd/de/index/sport/schwimmen/hallenbaeder/hallenbad_city.html,179
2024-10-02 17:37:19,https://www.stadt-zuerich.ch/ssd/de/index/sport/schwimmen/hallenbaeder/hallenbad_city.html,176
2024-10-02 17:54:47,https://www.stadt-zuerich.ch/ssd/de/index/sport/schwimmen/hallenbaeder/hallenbad_city.html,184
2024-10-02 18:35:42,https://www.stadt-zuerich.ch/ssd/de/index/sport/schwimmen/hallenbaeder/hallenbad_city.html,153
2024-10-02 18:54:46,https://www.stadt-zuerich.ch/ssd/de/index/sport/schwimmen/hallenbaeder/hallenbad_city.html,133
2024-10-02 19:21:53,https://www.stadt-zuerich.ch/ssd/de/index/sport/schwimmen/hallenbaeder/hallenbad_city.html,101
2024-10-02 19:36:17,https://www.stadt-zuerich.ch/ssd/de/index/sport/schwimmen/hallenbaeder/hallenbad_city.html,73
2024-10-02 19:54:41,https://www.stadt-zuerich.ch/ssd/de/index/sport/schwimmen/hallenbaeder/hallenbad_city.html,30
2024-10-02 20:41:52,https://www.stadt-zuerich.ch/ssd/de/index/sport/schwimmen/hallenbaeder/hallenbad_city.html,0
2024-10-02 20:54:26,https://www.stadt-zuerich.ch/ssd/de/index/sport/schwimmen/hallenbaeder/hallenbad_city.html,1
2024-10-02 21:27:08,https://www.stadt-zuerich.ch/ssd/de/index/sport/schwimmen/hallenbaeder/hallenbad_city.html,1
2024-10-03 03:32:15,https://www.stadt-zuerich.ch/ssd/de/index/sport/schwimmen/hallenbaeder/hallenbad_city.html,0
2024-10-03 03:54:25,https://www.stadt-zuerich.ch/ssd/de/index/sport/schwimmen/hallenbaeder/hallenbad_city.html,1
2024-10-03 04:33:05,https://www.stadt-zuerich.ch/ssd/de/index/sport/schwimmen/hallenbaeder/hallenbad_city.html,53
2024-10-03 04:54:32,https://www.stadt-zuerich.ch/ssd/de/index/sport/schwimmen/hallenbaeder/hallenbad_city.html,71
2024-10-03 05:29:04,https://www.stadt-zuerich.ch/ssd/de/index/sport/schwimmen/hallenbaeder/hallenbad_city.html,105
2024-10-03 05:40:56,https://www.stadt-zuerich.ch/ssd/de/index/sport/schwimmen/hallenbaeder/hallenbad_city.html,102
2024-10-03 05:54:54,https://www.stadt-zuerich.ch/ssd/de/index/sport/schwimmen/hallenbaeder/hallenbad_city.html,92
2024-10-03 06:35:39,https://www.stadt-zuerich.ch/ssd/de/index/sport/schwimmen/hallenbaeder/hallenbad_city.html,105
2024-10-03 06:54:32,https://www.stadt-zuerich.ch/ssd/de/index/sport/schwimmen/hallenbaeder/hallenbad_city.html,96
2024-10-03 07:25:32,https://www.stadt-zuerich.ch/ssd/de/index/sport/schwimmen/hallenbaeder/hallenbad_city.html,120
2024-10-03 07:35:53,https://www.stadt-zuerich.ch/ssd/de/index/sport/schwimmen/hallenbaeder/hallenbad_city.html,99
2024-10-03 07:54:34,https://www.stadt-zuerich.ch/ssd/de/index/sport/schwimmen/hallenbaeder/hallenbad_city.html,97
2024-10-03 08:32:58,https://www.stadt-zuerich.ch/ssd/de/index/sport/schwimmen/hallenbaeder/hallenbad_city.html,126
2024-10-03 08:54:39,https://www.stadt-zuerich.ch/ssd/de/index/sport/schwimmen/hallenbaeder/hallenbad_city.html,128
2024-10-03 09:27:56,https://www.stadt-zuerich.ch/ssd/de/index/sport/schwimmen/hallenbaeder/hallenbad_city.html,108
2024-10-03 09:39:01,https://www.stadt-zuerich.ch/ssd/de/index/sport/schwimmen/hallenbaeder/hallenbad_city.html,105
2024-10-03 09:54:36,https://www.stadt-zuerich.ch/ssd/de/index/sport/schwimmen/hallenbaeder/hallenbad_city.html,117
2024-10-03 10:31:03,https://www.stadt-zuerich.ch/ssd/de/index/sport/schwimmen/hallenbaeder/hallenbad_city.html,137
2024-10-03 10:44:12,https://www.stadt-zuerich.ch/ssd/de/index/sport/schwimmen/hallenbaeder/hallenbad_city.html,132
2024-10-03 10:54:38,https://www.stadt-zuerich.ch/ssd/de/index/sport/schwimmen/hallenbaeder/hallenbad_city.html,119
2024-10-03 11:22:26,https://www.stadt-zuerich.ch/ssd/de/index/sport/schwimmen/hallenbaeder/hallenbad_city.html,99
2024-10-03 11:36:03,https://www.stadt-zuerich.ch/ssd/de/index/sport/schwimmen/hallenbaeder/hallenbad_city.html,98
2024-10-03 11:54:31,https://www.stadt-zuerich.ch/ssd/de/index/sport/schwimmen/hallenbaeder/hallenbad_city.html,83
2024-10-03 12:50:01,https://www.stadt-zuerich.ch/ssd/de/index/sport/schwimmen/hallenbaeder/hallenbad_city.html,102
2024-10-03 13:15:06,https://www.stadt-zuerich.ch/ssd/de/index/sport/schwimmen/hallenbaeder/hallenbad_city.html,104
2024-10-03 13:40:49,https://www.stadt-zuerich.ch/ssd/de/index/sport/schwimmen/hallenbaeder/hallenbad_city.html,106
2024-10-03 13:54:40,https://www.stadt-zuerich.ch/ssd/de/index/sport/schwimmen/hallenbaeder/hallenbad_city.html,117
2024-10-03 14:41:24,https://www.stadt-zuerich.ch/ssd/de/index/sport/schwimmen/hallenbaeder/hallenbad_city.html,131
2024-10-03 14:54:43,https://www.stadt-zuerich.ch/ssd/de/index/sport/schwimmen/hallenbaeder/hallenbad_city.html,124
2024-10-03 15:28:40,https://www.stadt-zuerich.ch/ssd/de/index/sport/schwimmen/hallenbaeder/hallenbad_city.html,139
2024-10-03 15:40:36,https://www.stadt-zuerich.ch/ssd/de/index/sport/schwimmen/hallenbaeder/hallenbad_city.html,150
2024-10-03 15:54:32,https://www.stadt-zuerich.ch/ssd/de/index/sport/schwimmen/hallenbaeder/hallenbad_city.html,153
2024-10-03 16:33:43,https://www.stadt-zuerich.ch/ssd/de/index/sport/schwimmen/hallenbaeder/hallenbad_city.html,139
2024-10-03 16:55:54,https://www.stadt-zuerich.ch/ssd/de/index/sport/schwimmen/hallenbaeder/hallenbad_city.html,160
2024-10-03 17:39:39,https://www.stadt-zuerich.ch/ssd/de/index/sport/schwimmen/hallenbaeder/hallenbad_city.html,152
2024-10-03 17:54:47,https://www.stadt-zuerich.ch/ssd/de/index/sport/schwimmen/hallenbaeder/hallenbad_city.html,161
2024-10-03 18:34:41,https://www.stadt-zuerich.ch/ssd/de/index/sport/schwimmen/hallenbaeder/hallenbad_city.html,120
2024-10-03 18:54:42,https://www.stadt-zuerich.ch/ssd/de/index/sport/schwimmen/hallenbaeder/hallenbad_city.html,102
2024-10-03 19:20:08,https://www.stadt-zuerich.ch/ssd/de/index/sport/schwimmen/hallenbaeder/hallenbad_city.html,68
2024-10-03 19:37:07,https://www.stadt-zuerich.ch/ssd/de/index/sport/schwimmen/hallenbaeder/hallenbad_city.html,59
2024-10-03 19:54:46,https://www.stadt-zuerich.ch/ssd/de/index/sport/schwimmen/hallenbaeder/hallenbad_city.html,39
2024-10-03 20:27:55,https://www.stadt-zuerich.ch/ssd/de/index/sport/schwimmen/hallenbaeder/hallenbad_city.html,1
2024-10-03 20:38:24,https://www.stadt-zuerich.ch/ssd/de/index/sport/schwimmen/hallenbaeder/hallenbad_city.html,2
2024-10-03 20:54:47,https://www.stadt-zuerich.ch/ssd/de/index/sport/schwimmen/hallenbaeder/hallenbad_city.html,2
2024-10-03 21:24:50,https://www.stadt-zuerich.ch/ssd/de/index/sport/schwimmen/hallenbaeder/hallenbad_city.html,3
2024-10-03 21:36:17,https://www.stadt-zuerich.ch/ssd/de/index/sport/schwimmen/hallenbaeder/hallenbad_city.html,3
2024-10-04 03:31:50,https://www.stadt-zuerich.ch/ssd/de/index/sport/schwimmen/hallenbaeder/hallenbad_city.html,0
2024-10-04 03:54:26,https://www.stadt-zuerich.ch/ssd/de/index/sport/schwimmen/hallenbaeder/hallenbad_city.html,2
2024-10-04 04:31:12,https://www.stadt-zuerich.ch/ssd/de/index/sport/schwimmen/hallenbaeder/hallenbad_city.html,59
2024-10-04 04:54:56,https://www.stadt-zuerich.ch/ssd/de/index/sport/schwimmen/hallenbaeder/hallenbad_city.html,64
2024-10-04 05:28:49,https://www.stadt-zuerich.ch/ssd/de/index/sport/schwimmen/hallenbaeder/hallenbad_city.html,97
2024-10-04 05:41:10,https://www.stadt-zuerich.ch/ssd/de/index/sport/schwimmen/hallenbaeder/hallenbad_city.html,89
2024-10-04 05:54:39,https://www.stadt-zuerich.ch/ssd/de/index/sport/schwimmen/hallenbaeder/hallenbad_city.html,77
2024-10-04 06:36:07,https://www.stadt-zuerich.ch/ssd/de/index/sport/schwimmen/hallenbaeder/hallenbad_city.html,134
2024-10-04 07:24:43,https://www.stadt-zuerich.ch/ssd/de/index/sport/schwimmen/hallenbaeder/hallenbad_city.html,122
2024-10-04 07:36:19,https://www.stadt-zuerich.ch/ssd/de/index/sport/schwimmen/hallenbaeder/hallenbad_city.html,101
2024-10-04 08:32:46,https://www.stadt-zuerich.ch/ssd/de/index/sport/schwimmen/hallenbaeder/hallenbad_city.html,124
2024-10-04 08:54:29,https://www.stadt-zuerich.ch/ssd/de/index/sport/schwimmen/hallenbaeder/hallenbad_city.html,135
2024-10-04 09:28:01,https://www.stadt-zuerich.ch/ssd/de/index/sport/schwimmen/hallenbaeder/hallenbad_city.html,113
2024-10-04 09:39:49,https://www.stadt-zuerich.ch/ssd/de/index/sport/schwimmen/hallenbaeder/hallenbad_city.html,121
2024-10-04 09:54:40,https://www.stadt-zuerich.ch/ssd/de/index/sport/schwimmen/hallenbaeder/hallenbad_city.html,128
2024-10-04 10:31:38,https://www.stadt-zuerich.ch/ssd/de/index/sport/schwimmen/hallenbaeder/hallenbad_city.html,124
2024-10-04 10:44:49,https://www.stadt-zuerich.ch/ssd/de/index/sport/schwimmen/hallenbaeder/hallenbad_city.html,117
2024-10-04 10:54:45,https://www.stadt-zuerich.ch/ssd/de/index/sport/schwimmen/hallenbaeder/hallenbad_city.html,114
2024-10-04 11:20:52,https://www.stadt-zuerich.ch/ssd/de/index/sport/schwimmen/hallenbaeder/hallenbad_city.html,102
2024-10-04 11:36:17,https://www.stadt-zuerich.ch/ssd/de/index/sport/schwimmen/hallenbaeder/hallenbad_city.html,100
2024-10-04 11:54:36,https://www.stadt-zuerich.ch/ssd/de/index/sport/schwimmen/hallenbaeder/hallenbad_city.html,106
2024-10-04 12:49:56,https://www.stadt-zuerich.ch/ssd/de/index/sport/schwimmen/hallenbaeder/hallenbad_city.html,131
2024-10-04 13:40:07,https://www.stadt-zuerich.ch/ssd/de/index/sport/schwimmen/hallenbaeder/hallenbad_city.html,132
2024-10-04 13:54:38,https://www.stadt-zuerich.ch/ssd/de/index/sport/schwimmen/hallenbaeder/hallenbad_city.html,148
2024-10-04 14:28:25,https://www.stadt-zuerich.ch/ssd/de/index/sport/schwimmen/hallenbaeder/hallenbad_city.html,156
2024-10-04 14:39:32,https://www.stadt-zuerich.ch/ssd/de/index/sport/schwimmen/hallenbaeder/hallenbad_city.html,170
2024-10-04 14:54:43,https://www.stadt-zuerich.ch/ssd/de/index/sport/schwimmen/hallenbaeder/hallenbad_city.html,191
2024-10-04 15:28:32,https://www.stadt-zuerich.ch/ssd/de/index/sport/schwimmen/hallenbaeder/hallenbad_city.html,187
2024-10-04 15:39:19,https://www.stadt-zuerich.ch/ssd/de/index/sport/schwimmen/hallenbaeder/hallenbad_city.html,188
2024-10-04 15:54:43,https://www.stadt-zuerich.ch/ssd/de/index/sport/schwimmen/hallenbaeder/hallenbad_city.html,175
2024-10-04 16:33:35,https://www.stadt-zuerich.ch/ssd/de/index/sport/schwimmen/hallenbaeder/hallenbad_city.html,136
2024-10-04 16:54:49,https://www.stadt-zuerich.ch/ssd/de/index/sport/schwimmen/hallenbaeder/hallenbad_city.html,151
2024-10-04 17:26:07,https://www.stadt-zuerich.ch/ssd/de/index/sport/schwimmen/hallenbaeder/hallenbad_city.html,131
2024-10-04 17:37:52,https://www.stadt-zuerich.ch/ssd/de/index/sport/schwimmen/hallenbaeder/hallenbad_city.html,122
2024-10-04 17:54:38,https://www.stadt-zuerich.ch/ssd/de/index/sport/schwimmen/hallenbaeder/hallenbad_city.html,128
2024-10-04 18:34:34,https://www.stadt-zuerich.ch/ssd/de/index/sport/schwimmen/hallenbaeder/hallenbad_city.html,103
2024-10-04 18:54:58,https://www.stadt-zuerich.ch/ssd/de/index/sport/schwimmen/hallenbaeder/hallenbad_city.html,89
2024-10-04 19:22:30,https://www.stadt-zuerich.ch/ssd/de/index/sport/schwimmen/hallenbaeder/hallenbad_city.html,78
2024-10-04 19:35:49,https://www.stadt-zuerich.ch/ssd/de/index/sport/schwimmen/hallenbaeder/hallenbad_city.html,63
2024-10-04 19:55:08,https://www.stadt-zuerich.ch/ssd/de/index/sport/schwimmen/hallenbaeder/hallenbad_city.html,31
2024-10-04 20:27:42,https://www.stadt-zuerich.ch/ssd/de/index/sport/schwimmen/hallenbaeder/hallenbad_city.html,0
2024-10-04 20:38:06,https://www.stadt-zuerich.ch/ssd/de/index/sport/schwimmen/hallenbaeder/hallenbad_city.html,1
2024-10-04 20:54:35,https://www.stadt-zuerich.ch/ssd/de/index/sport/schwimmen/hallenbaeder/hallenbad_city.html,2
2024-10-04 21:24:36,https://www.stadt-zuerich.ch/ssd/de/index/sport/schwimmen/hallenbaeder/hallenbad_city.html,2
2024-10-04 21:54:46,https://www.stadt-zuerich.ch/ssd/de/index/sport/schwimmen/hallenbaeder/hallenbad_city.html,2
2024-10-05 03:30:24,https://www.stadt-zuerich.ch/ssd/de/index/sport/schwimmen/hallenbaeder/hallenbad_city.html,0
2024-10-05 04:31:19,https://www.stadt-zuerich.ch/ssd/de/index/sport/schwimmen/hallenbaeder/hallenbad_city.html,36
2024-10-05 04:44:06,https://www.stadt-zuerich.ch/ssd/de/index/sport/schwimmen/hallenbaeder/hallenbad_city.html,39
2024-10-05 04:54:25,https://www.stadt-zuerich.ch/ssd/de/index/sport/schwimmen/hallenbaeder/hallenbad_city.html,39
2024-10-05 05:27:49,https://www.stadt-zuerich.ch/ssd/de/index/sport/schwimmen/hallenbaeder/hallenbad_city.html,48
2024-10-05 05:39:08,https://www.stadt-zuerich.ch/ssd/de/index/sport/schwimmen/hallenbaeder/hallenbad_city.html,48
2024-10-05 05:54:32,https://www.stadt-zuerich.ch/ssd/de/index/sport/schwimmen/hallenbaeder/hallenbad_city.html,57
2024-10-05 06:33:59,https://www.stadt-zuerich.ch/ssd/de/index/sport/schwimmen/hallenbaeder/hallenbad_city.html,82
2024-10-05 06:54:28,https://www.stadt-zuerich.ch/ssd/de/index/sport/schwimmen/hallenbaeder/hallenbad_city.html,89
2024-10-05 07:25:31,https://www.stadt-zuerich.ch/ssd/de/index/sport/schwimmen/hallenbaeder/hallenbad_city.html,106
2024-10-05 07:35:33,https://www.stadt-zuerich.ch/ssd/de/index/sport/schwimmen/hallenbaeder/hallenbad_city.html,105
2024-10-05 07:54:54,https://www.stadt-zuerich.ch/ssd/de/index/sport/schwimmen/hallenbaeder/hallenbad_city.html,104
2024-10-05 08:30:51,https://www.stadt-zuerich.ch/ssd/de/index/sport/schwimmen/hallenbaeder/hallenbad_city.html,90
2024-10-05 08:43:46,https://www.stadt-zuerich.ch/ssd/de/index/sport/schwimmen/hallenbaeder/hallenbad_city.html,83
2024-10-05 08:54:47,https://www.stadt-zuerich.ch/ssd/de/index/sport/schwimmen/hallenbaeder/hallenbad_city.html,85
2024-10-05 09:28:17,https://www.stadt-zuerich.ch/ssd/de/index/sport/schwimmen/hallenbaeder/hallenbad_city.html,115
2024-10-05 09:38:32,https://www.stadt-zuerich.ch/ssd/de/index/sport/schwimmen/hallenbaeder/hallenbad_city.html,118
2024-10-05 09:54:28,https://www.stadt-zuerich.ch/ssd/de/index/sport/schwimmen/hallenbaeder/hallenbad_city.html,136
2024-10-05 11:22:00,https://www.stadt-zuerich.ch/ssd/de/index/sport/schwimmen/hallenbaeder/hallenbad_city.html,91
2024-10-05 11:36:31,https://www.stadt-zuerich.ch/ssd/de/index/sport/schwimmen/hallenbaeder/hallenbad_city.html,88
2024-10-05 11:54:35,https://www.stadt-zuerich.ch/ssd/de/index/sport/schwimmen/hallenbaeder/hallenbad_city.html,92
2024-10-05 12:46:27,https://www.stadt-zuerich.ch/ssd/de/index/sport/schwimmen/hallenbaeder/hallenbad_city.html,114
2024-10-05 13:04:51,https://www.stadt-zuerich.ch/ssd/de/index/sport/schwimmen/hallenbaeder/hallenbad_city.html,122
2024-10-05 13:27:49,https://www.stadt-zuerich.ch/ssd/de/index/sport/schwimmen/hallenbaeder/hallenbad_city.html,103
2024-10-05 13:54:39,https://www.stadt-zuerich.ch/ssd/de/index/sport/schwimmen/hallenbaeder/hallenbad_city.html,98
2024-10-05 14:25:33,https://www.stadt-zuerich.ch/ssd/de/index/sport/schwimmen/hallenbaeder/hallenbad_city.html,91
2024-10-05 14:37:20,https://www.stadt-zuerich.ch/ssd/de/index/sport/schwimmen/hallenbaeder/hallenbad_city.html,97
2024-10-05 14:54:26,https://www.stadt-zuerich.ch/ssd/de/index/sport/schwimmen/hallenbaeder/hallenbad_city.html,103
2024-10-05 15:26:12,https://www.stadt-zuerich.ch/ssd/de/index/sport/schwimmen/hallenbaeder/hallenbad_city.html,92
2024-10-05 15:36:17,https://www.stadt-zuerich.ch/ssd/de/index/sport/schwimmen/hallenbaeder/hallenbad_city.html,97
2024-10-05 15:54:52,https://www.stadt-zuerich.ch/ssd/de/index/sport/schwimmen/hallenbaeder/hallenbad_city.html,90
2024-10-05 16:31:07,https://www.stadt-zuerich.ch/ssd/de/index/sport/schwimmen/hallenbaeder/hallenbad_city.html,81
2024-10-05 16:44:19,https://www.stadt-zuerich.ch/ssd/de/index/sport/schwimmen/hallenbaeder/hallenbad_city.html,76
2024-10-05 16:54:42,https://www.stadt-zuerich.ch/ssd/de/index/sport/schwimmen/hallenbaeder/hallenbad_city.html,68
2024-10-05 17:26:23,https://www.stadt-zuerich.ch/ssd/de/index/sport/schwimmen/hallenbaeder/hallenbad_city.html,77
2024-10-05 17:37:15,https://www.stadt-zuerich.ch/ssd/de/index/sport/schwimmen/hallenbaeder/hallenbad_city.html,55
2024-10-05 17:54:26,https://www.stadt-zuerich.ch/ssd/de/index/sport/schwimmen/hallenbaeder/hallenbad_city.html,47
2024-10-05 18:32:20,https://www.stadt-zuerich.ch/ssd/de/index/sport/schwimmen/hallenbaeder/hallenbad_city.html,40
2024-10-05 18:54:33,https://www.stadt-zuerich.ch/ssd/de/index/sport/schwimmen/hallenbaeder/hallenbad_city.html,39
2024-10-05 19:20:43,https://www.stadt-zuerich.ch/ssd/de/index/sport/schwimmen/hallenbaeder/hallenbad_city.html,29
2024-10-05 19:35:48,https://www.stadt-zuerich.ch/ssd/de/index/sport/schwimmen/hallenbaeder/hallenbad_city.html,17
2024-10-05 19:54:28,https://www.stadt-zuerich.ch/ssd/de/index/sport/schwimmen/hallenbaeder/hallenbad_city.html,0
2024-10-05 20:25:53,https://www.stadt-zuerich.ch/ssd/de/index/sport/schwimmen/hallenbaeder/hallenbad_city.html,0
2024-10-05 20:35:49,https://www.stadt-zuerich.ch/ssd/de/index/sport/schwimmen/hallenbaeder/hallenbad_city.html,0
2024-10-05 20:54:45,https://www.stadt-zuerich.ch/ssd/de/index/sport/schwimmen/hallenbaeder/hallenbad_city.html,0
2024-10-05 21:25:30,https://www.stadt-zuerich.ch/ssd/de/index/sport/schwimmen/hallenbaeder/hallenbad_city.html,1
2024-10-05 21:37:10,https://www.stadt-zuerich.ch/ssd/de/index/sport/schwimmen/hallenbaeder/hallenbad_city.html,0
2024-10-05 21:54:29,https://www.stadt-zuerich.ch/ssd/de/index/sport/schwimmen/hallenbaeder/hallenbad_city.html,0
2024-10-06 03:34:28,https://www.stadt-zuerich.ch/ssd/de/index/sport/schwimmen/hallenbaeder/hallenbad_city.html,0
2024-10-06 03:54:22,https://www.stadt-zuerich.ch/ssd/de/index/sport/schwimmen/hallenbaeder/hallenbad_city.html,1
2024-10-06 04:30:54,https://www.stadt-zuerich.ch/ssd/de/index/sport/schwimmen/hallenbaeder/hallenbad_city.html,25
2024-10-06 04:43:15,https://www.stadt-zuerich.ch/ssd/de/index/sport/schwimmen/hallenbaeder/hallenbad_city.html,26
2024-10-06 04:54:47,https://www.stadt-zuerich.ch/ssd/de/index/sport/schwimmen/hallenbaeder/hallenbad_city.html,28
2024-10-06 05:27:09,https://www.stadt-zuerich.ch/ssd/de/index/sport/schwimmen/hallenbaeder/hallenbad_city.html,30
2024-10-06 05:38:01,https://www.stadt-zuerich.ch/ssd/de/index/sport/schwimmen/hallenbaeder/hallenbad_city.html,36
2024-10-06 06:33:45,https://www.stadt-zuerich.ch/ssd/de/index/sport/schwimmen/hallenbaeder/hallenbad_city.html,57
2024-10-06 06:54:35,https://www.stadt-zuerich.ch/ssd/de/index/sport/schwimmen/hallenbaeder/hallenbad_city.html,72
2024-10-06 07:23:59,https://www.stadt-zuerich.ch/ssd/de/index/sport/schwimmen/hallenbaeder/hallenbad_city.html,73
2024-10-06 07:35:32,https://www.stadt-zuerich.ch/ssd/de/index/sport/schwimmen/hallenbaeder/hallenbad_city.html,80
2024-10-06 07:54:39,https://www.stadt-zuerich.ch/ssd/de/index/sport/schwimmen/hallenbaeder/hallenbad_city.html,77
2024-10-06 08:30:11,https://www.stadt-zuerich.ch/ssd/de/index/sport/schwimmen/hallenbaeder/hallenbad_city.html,91
2024-10-06 08:42:42,https://www.stadt-zuerich.ch/ssd/de/index/sport/schwimmen/hallenbaeder/hallenbad_city.html,101
2024-10-06 08:54:28,https://www.stadt-zuerich.ch/ssd/de/index/sport/schwimmen/hallenbaeder/hallenbad_city.html,110
2024-10-06 09:26:21,https://www.stadt-zuerich.ch/ssd/de/index/sport/schwimmen/hallenbaeder/hallenbad_city.html,119
2024-10-06 09:36:03,https://www.stadt-zuerich.ch/ssd/de/index/sport/schwimmen/hallenbaeder/hallenbad_city.html,119
2024-10-06 09:54:51,https://www.stadt-zuerich.ch/ssd/de/index/sport/schwimmen/hallenbaeder/hallenbad_city.html,131
2024-10-06 10:30:34,https://www.stadt-zuerich.ch/ssd/de/index/sport/schwimmen/hallenbaeder/hallenbad_city.html,96
2024-10-06 10:42:28,https://www.stadt-zuerich.ch/ssd/de/index/sport/schwimmen/hallenbaeder/hallenbad_city.html,95
2024-10-06 10:54:35,https://www.stadt-zuerich.ch/ssd/de/index/sport/schwimmen/hallenbaeder/hallenbad_city.html,90
2024-10-06 11:21:55,https://www.stadt-zuerich.ch/ssd/de/index/sport/schwimmen/hallenbaeder/hallenbad_city.html,105
2024-10-06 11:54:29,https://www.stadt-zuerich.ch/ssd/de/index/sport/schwimmen/hallenbaeder/hallenbad_city.html,109
2024-10-06 12:46:28,https://www.stadt-zuerich.ch/ssd/de/index/sport/schwimmen/hallenbaeder/hallenbad_city.html,121
2024-10-06 13:04:56,https://www.stadt-zuerich.ch/ssd/de/index/sport/schwimmen/hallenbaeder/hallenbad_city.html,118
2024-10-06 13:28:14,https://www.stadt-zuerich.ch/ssd/de/index/sport/schwimmen/hallenbaeder/hallenbad_city.html,112
2024-10-06 13:37:23,https://www.stadt-zuerich.ch/ssd/de/index/sport/schwimmen/hallenbaeder/hallenbad_city.html,117
2024-10-06 13:54:34,https://www.stadt-zuerich.ch/ssd/de/index/sport/schwimmen/hallenbaeder/hallenbad_city.html,128
2024-10-06 14:25:41,https://www.stadt-zuerich.ch/ssd/de/index/sport/schwimmen/hallenbaeder/hallenbad_city.html,137
2024-10-06 14:37:38,https://www.stadt-zuerich.ch/ssd/de/index/sport/schwimmen/hallenbaeder/hallenbad_city.html,129
2024-10-06 14:54:33,https://www.stadt-zuerich.ch/ssd/de/index/sport/schwimmen/hallenbaeder/hallenbad_city.html,125
2024-10-06 15:25:54,https://www.stadt-zuerich.ch/ssd/de/index/sport/schwimmen/hallenbaeder/hallenbad_city.html,123
2024-10-06 15:36:37,https://www.stadt-zuerich.ch/ssd/de/index/sport/schwimmen/hallenbaeder/hallenbad_city.html,139
2024-10-06 15:54:27,https://www.stadt-zuerich.ch/ssd/de/index/sport/schwimmen/hallenbaeder/hallenbad_city.html,156
2024-10-06 17:26:12,https://www.stadt-zuerich.ch/ssd/de/index/sport/schwimmen/hallenbaeder/hallenbad_city.html,121
2024-10-06 17:37:55,https://www.stadt-zuerich.ch/ssd/de/index/sport/schwimmen/hallenbaeder/hallenbad_city.html,110
2024-10-06 17:54:37,https://www.stadt-zuerich.ch/ssd/de/index/sport/schwimmen/hallenbaeder/hallenbad_city.html,106
2024-10-06 18:31:58,https://www.stadt-zuerich.ch/ssd/de/index/sport/schwimmen/hallenbaeder/hallenbad_city.html,92
2024-10-06 18:54:51,https://www.stadt-zuerich.ch/ssd/de/index/sport/schwimmen/hallenbaeder/hallenbad_city.html,83
2024-10-06 19:21:33,https://www.stadt-zuerich.ch/ssd/de/index/sport/schwimmen/hallenbaeder/hallenbad_city.html,65
2024-10-06 19:36:11,https://www.stadt-zuerich.ch/ssd/de/index/sport/schwimmen/hallenbaeder/hallenbad_city.html,54
2024-10-06 19:54:27,https://www.stadt-zuerich.ch/ssd/de/index/sport/schwimmen/hallenbaeder/hallenbad_city.html,27
2024-10-06 20:26:01,https://www.stadt-zuerich.ch/ssd/de/index/sport/schwimmen/hallenbaeder/hallenbad_city.html,0
2024-10-06 20:36:16,https://www.stadt-zuerich.ch/ssd/de/index/sport/schwimmen/hallenbaeder/hallenbad_city.html,1
2024-10-06 20:54:46,https://www.stadt-zuerich.ch/ssd/de/index/sport/schwimmen/hallenbaeder/hallenbad_city.html,1
2024-10-06 21:23:41,https://www.stadt-zuerich.ch/ssd/de/index/sport/schwimmen/hallenbaeder/hallenbad_city.html,1
2024-10-07 03:34:27,https://www.stadt-zuerich.ch/ssd/de/index/sport/schwimmen/hallenbaeder/hallenbad_city.html,1
2024-10-07 03:54:23,https://www.stadt-zuerich.ch/ssd/de/index/sport/schwimmen/hallenbaeder/hallenbad_city.html,1
2024-10-07 04:54:22,https://www.stadt-zuerich.ch/ssd/de/index/sport/schwimmen/hallenbaeder/hallenbad_city.html,82
2024-10-07 05:29:56,https://www.stadt-zuerich.ch/ssd/de/index/sport/schwimmen/hallenbaeder/hallenbad_city.html,88
2024-10-07 05:42:27,https://www.stadt-zuerich.ch/ssd/de/index/sport/schwimmen/hallenbaeder/hallenbad_city.html,73
2024-10-07 05:54:41,https://www.stadt-zuerich.ch/ssd/de/index/sport/schwimmen/hallenbaeder/hallenbad_city.html,62
2024-10-07 06:36:25,https://www.stadt-zuerich.ch/ssd/de/index/sport/schwimmen/hallenbaeder/hallenbad_city.html,26
2024-10-07 07:25:50,https://www.stadt-zuerich.ch/ssd/de/index/sport/schwimmen/hallenbaeder/hallenbad_city.html,41
2024-10-07 07:35:35,https://www.stadt-zuerich.ch/ssd/de/index/sport/schwimmen/hallenbaeder/hallenbad_city.html,43
2024-10-07 07:54:47,https://www.stadt-zuerich.ch/ssd/de/index/sport/schwimmen/hallenbaeder/hallenbad_city.html,43
2024-10-07 08:54:56,https://www.stadt-zuerich.ch/ssd/de/index/sport/schwimmen/hallenbaeder/hallenbad_city.html,65
2024-10-07 09:29:17,https://www.stadt-zuerich.ch/ssd/de/index/sport/schwimmen/hallenbaeder/hallenbad_city.html,80
2024-10-07 09:40:41,https://www.stadt-zuerich.ch/ssd/de/index/sport/schwimmen/hallenbaeder/hallenbad_city.html,90
2024-10-07 09:54:29,https://www.stadt-zuerich.ch/ssd/de/index/sport/schwimmen/hallenbaeder/hallenbad_city.html,100
2024-10-07 10:32:15,https://www.stadt-zuerich.ch/ssd/de/index/sport/schwimmen/hallenbaeder/hallenbad_city.html,131
2024-10-07 10:54:27,https://www.stadt-zuerich.ch/ssd/de/index/sport/schwimmen/hallenbaeder/hallenbad_city.html,125
2024-10-07 11:24:51,https://www.stadt-zuerich.ch/ssd/de/index/sport/schwimmen/hallenbaeder/hallenbad_city.html,104
2024-10-07 11:36:06,https://www.stadt-zuerich.ch/ssd/de/index/sport/schwimmen/hallenbaeder/hallenbad_city.html,86
2024-10-07 11:54:47,https://www.stadt-zuerich.ch/ssd/de/index/sport/schwimmen/hallenbaeder/hallenbad_city.html,64
2024-10-07 13:16:24,https://www.stadt-zuerich.ch/ssd/de/index/sport/schwimmen/hallenbaeder/hallenbad_city.html,63
2024-10-07 13:41:33,https://www.stadt-zuerich.ch/ssd/de/index/sport/schwimmen/hallenbaeder/hallenbad_city.html,66
2024-10-07 13:54:32,https://www.stadt-zuerich.ch/ssd/de/index/sport/schwimmen/hallenbaeder/hallenbad_city.html,66
2024-10-07 14:41:46,https://www.stadt-zuerich.ch/ssd/de/index/sport/schwimmen/hallenbaeder/hallenbad_city.html,71
2024-10-07 14:54:58,https://www.stadt-zuerich.ch/ssd/de/index/sport/schwimmen/hallenbaeder/hallenbad_city.html,85
2024-10-07 15:28:34,https://www.stadt-zuerich.ch/ssd/de/index/sport/schwimmen/hallenbaeder/hallenbad_city.html,97
2024-10-07 15:39:55,https://www.stadt-zuerich.ch/ssd/de/index/sport/schwimmen/hallenbaeder/hallenbad_city.html,106
2024-10-07 15:54:47,https://www.stadt-zuerich.ch/ssd/de/index/sport/schwimmen/hallenbaeder/hallenbad_city.html,116
2024-10-07 16:33:17,https://www.stadt-zuerich.ch/ssd/de/index/sport/schwimmen/hallenbaeder/hallenbad_city.html,115
2024-10-07 17:27:15,https://www.stadt-zuerich.ch/ssd/de/index/sport/schwimmen/hallenbaeder/hallenbad_city.html,151
2024-10-07 17:38:12,https://www.stadt-zuerich.ch/ssd/de/index/sport/schwimmen/hallenbaeder/hallenbad_city.html,161
2024-10-07 17:54:19,https://www.stadt-zuerich.ch/ssd/de/index/sport/schwimmen/hallenbaeder/hallenbad_city.html,168
2024-10-07 18:34:07,https://www.stadt-zuerich.ch/ssd/de/index/sport/schwimmen/hallenbaeder/hallenbad_city.html,155
2024-10-07 18:54:31,https://www.stadt-zuerich.ch/ssd/de/index/sport/schwimmen/hallenbaeder/hallenbad_city.html,151
2024-10-07 19:21:26,https://www.stadt-zuerich.ch/ssd/de/index/sport/schwimmen/hallenbaeder/hallenbad_city.html,102
2024-10-07 19:35:51,https://www.stadt-zuerich.ch/ssd/de/index/sport/schwimmen/hallenbaeder/hallenbad_city.html,84
2024-10-07 19:54:33,https://www.stadt-zuerich.ch/ssd/de/index/sport/schwimmen/hallenbaeder/hallenbad_city.html,49
2024-10-07 20:29:39,https://www.stadt-zuerich.ch/ssd/de/index/sport/schwimmen/hallenbaeder/hallenbad_city.html,0
2024-10-07 20:41:36,https://www.stadt-zuerich.ch/ssd/de/index/sport/schwimmen/hallenbaeder/hallenbad_city.html,0
2024-10-07 20:54:43,https://www.stadt-zuerich.ch/ssd/de/index/sport/schwimmen/hallenbaeder/hallenbad_city.html,1
2024-10-07 21:25:28,https://www.stadt-zuerich.ch/ssd/de/index/sport/schwimmen/hallenbaeder/hallenbad_city.html,1
2024-10-07 21:36:25,https://www.stadt-zuerich.ch/ssd/de/index/sport/schwimmen/hallenbaeder/hallenbad_city.html,1
2024-10-07 21:54:45,https://www.stadt-zuerich.ch/ssd/de/index/sport/schwimmen/hallenbaeder/hallenbad_city.html,1
2024-10-08 03:33:49,https://www.stadt-zuerich.ch/ssd/de/index/sport/schwimmen/hallenbaeder/hallenbad_city.html,0
2024-10-08 03:54:34,https://www.stadt-zuerich.ch/ssd/de/index/sport/schwimmen/hallenbaeder/hallenbad_city.html,2
2024-10-08 04:31:11,https://www.stadt-zuerich.ch/ssd/de/index/sport/schwimmen/hallenbaeder/hallenbad_city.html,97
2024-10-08 04:44:09,https://www.stadt-zuerich.ch/ssd/de/index/sport/schwimmen/hallenbaeder/hallenbad_city.html,102
2024-10-08 04:54:31,https://www.stadt-zuerich.ch/ssd/de/index/sport/schwimmen/hallenbaeder/hallenbad_city.html,110
2024-10-08 05:28:24,https://www.stadt-zuerich.ch/ssd/de/index/sport/schwimmen/hallenbaeder/hallenbad_city.html,129
2024-10-08 05:39:55,https://www.stadt-zuerich.ch/ssd/de/index/sport/schwimmen/hallenbaeder/hallenbad_city.html,115
2024-10-08 05:54:41,https://www.stadt-zuerich.ch/ssd/de/index/sport/schwimmen/hallenbaeder/hallenbad_city.html,97
2024-10-08 06:35:57,https://www.stadt-zuerich.ch/ssd/de/index/sport/schwimmen/hallenbaeder/hallenbad_city.html,87
2024-10-08 06:54:33,https://www.stadt-zuerich.ch/ssd/de/index/sport/schwimmen/hallenbaeder/hallenbad_city.html,75
2024-10-08 07:25:34,https://www.stadt-zuerich.ch/ssd/de/index/sport/schwimmen/hallenbaeder/hallenbad_city.html,77
2024-10-08 07:36:02,https://www.stadt-zuerich.ch/ssd/de/index/sport/schwimmen/hallenbaeder/hallenbad_city.html,76
2024-10-08 07:54:51,https://www.stadt-zuerich.ch/ssd/de/index/sport/schwimmen/hallenbaeder/hallenbad_city.html,85
2024-10-08 08:33:34,https://www.stadt-zuerich.ch/ssd/de/index/sport/schwimmen/hallenbaeder/hallenbad_city.html,101
2024-10-08 08:54:49,https://www.stadt-zuerich.ch/ssd/de/index/sport/schwimmen/hallenbaeder/hallenbad_city.html,101
2024-10-08 09:28:04,https://www.stadt-zuerich.ch/ssd/de/index/sport/schwimmen/hallenbaeder/hallenbad_city.html,112
2024-10-08 09:39:19,https://www.stadt-zuerich.ch/ssd/de/index/sport/schwimmen/hallenbaeder/hallenbad_city.html,112
2024-10-08 09:54:42,https://www.stadt-zuerich.ch/ssd/de/index/sport/schwimmen/hallenbaeder/hallenbad_city.html,116
2024-10-08 10:30:53,https://www.stadt-zuerich.ch/ssd/de/index/sport/schwimmen/hallenbaeder/hallenbad_city.html,103
2024-10-08 10:43:42,https://www.stadt-zuerich.ch/ssd/de/index/sport/schwimmen/hallenbaeder/hallenbad_city.html,103
2024-10-08 10:54:24,https://www.stadt-zuerich.ch/ssd/de/index/sport/schwimmen/hallenbaeder/hallenbad_city.html,98
2024-10-08 11:24:42,https://www.stadt-zuerich.ch/ssd/de/index/sport/schwimmen/hallenbaeder/hallenbad_city.html,93
2024-10-08 11:36:51,https://www.stadt-zuerich.ch/ssd/de/index/sport/schwimmen/hallenbaeder/hallenbad_city.html,89
2024-10-08 11:54:19,https://www.stadt-zuerich.ch/ssd/de/index/sport/schwimmen/hallenbaeder/hallenbad_city.html,96
2024-10-08 12:48:31,https://www.stadt-zuerich.ch/ssd/de/index/sport/schwimmen/hallenbaeder/hallenbad_city.html,109
2024-10-08 13:13:41,https://www.stadt-zuerich.ch/ssd/de/index/sport/schwimmen/hallenbaeder/hallenbad_city.html,100
2024-10-08 13:40:07,https://www.stadt-zuerich.ch/ssd/de/index/sport/schwimmen/hallenbaeder/hallenbad_city.html,95
2024-10-08 14:30:32,https://www.stadt-zuerich.ch/ssd/de/index/sport/schwimmen/hallenbaeder/hallenbad_city.html,105
2024-10-08 14:43:27,https://www.stadt-zuerich.ch/ssd/de/index/sport/schwimmen/hallenbaeder/hallenbad_city.html,115
2024-10-08 14:54:42,https://www.stadt-zuerich.ch/ssd/de/index/sport/schwimmen/hallenbaeder/hallenbad_city.html,118
2024-10-08 15:28:46,https://www.stadt-zuerich.ch/ssd/de/index/sport/schwimmen/hallenbaeder/hallenbad_city.html,116
2024-10-08 15:40:09,https://www.stadt-zuerich.ch/ssd/de/index/sport/schwimmen/hallenbaeder/hallenbad_city.html,137
2024-10-08 15:54:41,https://www.stadt-zuerich.ch/ssd/de/index/sport/schwimmen/hallenbaeder/hallenbad_city.html,145
2024-10-08 17:26:34,https://www.stadt-zuerich.ch/ssd/de/index/sport/schwimmen/hallenbaeder/hallenbad_city.html,205
2024-10-08 17:37:25,https://www.stadt-zuerich.ch/ssd/de/index/sport/schwimmen/hallenbaeder/hallenbad_city.html,190
2024-10-08 17:54:49,https://www.stadt-zuerich.ch/ssd/de/index/sport/schwimmen/hallenbaeder/hallenbad_city.html,176
2024-10-08 18:34:33,https://www.stadt-zuerich.ch/ssd/de/index/sport/schwimmen/hallenbaeder/hallenbad_city.html,163
2024-10-08 18:54:46,https://www.stadt-zuerich.ch/ssd/de/index/sport/schwimmen/hallenbaeder/hallenbad_city.html,126
2024-10-08 19:19:10,https://www.stadt-zuerich.ch/ssd/de/index/sport/schwimmen/hallenbaeder/hallenbad_city.html,108
2024-10-08 19:35:32,https://www.stadt-zuerich.ch/ssd/de/index/sport/schwimmen/hallenbaeder/hallenbad_city.html,91
2024-10-08 19:54:39,https://www.stadt-zuerich.ch/ssd/de/index/sport/schwimmen/hallenbaeder/hallenbad_city.html,59
2024-10-08 20:37:23,https://www.stadt-zuerich.ch/ssd/de/index/sport/schwimmen/hallenbaeder/hallenbad_city.html,0
2024-10-08 20:54:36,https://www.stadt-zuerich.ch/ssd/de/index/sport/schwimmen/hallenbaeder/hallenbad_city.html,0
2024-10-08 21:25:50,https://www.stadt-zuerich.ch/ssd/de/index/sport/schwimmen/hallenbaeder/hallenbad_city.html,0
2024-10-08 21:36:49,https://www.stadt-zuerich.ch/ssd/de/index/sport/schwimmen/hallenbaeder/hallenbad_city.html,0
2024-10-08 21:54:48,https://www.stadt-zuerich.ch/ssd/de/index/sport/schwimmen/hallenbaeder/hallenbad_city.html,0
2024-10-09 03:32:29,https://www.stadt-zuerich.ch/ssd/de/index/sport/schwimmen/hallenbaeder/hallenbad_city.html,0
2024-10-09 03:54:28,https://www.stadt-zuerich.ch/ssd/de/index/sport/schwimmen/hallenbaeder/hallenbad_city.html,1
2024-10-09 04:30:49,https://www.stadt-zuerich.ch/ssd/de/index/sport/schwimmen/hallenbaeder/hallenbad_city.html,98
2024-10-09 04:43:36,https://www.stadt-zuerich.ch/ssd/de/index/sport/schwimmen/hallenbaeder/hallenbad_city.html,108
2024-10-09 04:54:47,https://www.stadt-zuerich.ch/ssd/de/index/sport/schwimmen/hallenbaeder/hallenbad_city.html,114
2024-10-09 05:30:01,https://www.stadt-zuerich.ch/ssd/de/index/sport/schwimmen/hallenbaeder/hallenbad_city.html,132
2024-10-09 05:42:11,https://www.stadt-zuerich.ch/ssd/de/index/sport/schwimmen/hallenbaeder/hallenbad_city.html,116
2024-10-09 05:54:43,https://www.stadt-zuerich.ch/ssd/de/index/sport/schwimmen/hallenbaeder/hallenbad_city.html,75
2024-10-09 06:36:42,https://www.stadt-zuerich.ch/ssd/de/index/sport/schwimmen/hallenbaeder/hallenbad_city.html,50
2024-10-09 06:54:40,https://www.stadt-zuerich.ch/ssd/de/index/sport/schwimmen/hallenbaeder/hallenbad_city.html,48
2024-10-09 07:25:20,https://www.stadt-zuerich.ch/ssd/de/index/sport/schwimmen/hallenbaeder/hallenbad_city.html,51
2024-10-09 07:35:44,https://www.stadt-zuerich.ch/ssd/de/index/sport/schwimmen/hallenbaeder/hallenbad_city.html,51
2024-10-09 07:54:49,https://www.stadt-zuerich.ch/ssd/de/index/sport/schwimmen/hallenbaeder/hallenbad_city.html,72
2024-10-09 08:33:04,https://www.stadt-zuerich.ch/ssd/de/index/sport/schwimmen/hallenbaeder/hallenbad_city.html,89
2024-10-09 08:54:47,https://www.stadt-zuerich.ch/ssd/de/index/sport/schwimmen/hallenbaeder/hallenbad_city.html,88
2024-10-09 09:28:46,https://www.stadt-zuerich.ch/ssd/de/index/sport/schwimmen/hallenbaeder/hallenbad_city.html,88
2024-10-09 09:39:04,https://www.stadt-zuerich.ch/ssd/de/index/sport/schwimmen/hallenbaeder/hallenbad_city.html,91
2024-10-09 09:54:41,https://www.stadt-zuerich.ch/ssd/de/index/sport/schwimmen/hallenbaeder/hallenbad_city.html,104
2024-10-09 10:31:46,https://www.stadt-zuerich.ch/ssd/de/index/sport/schwimmen/hallenbaeder/hallenbad_city.html,121
2024-10-09 10:54:44,https://www.stadt-zuerich.ch/ssd/de/index/sport/schwimmen/hallenbaeder/hallenbad_city.html,107
2024-10-09 11:23:03,https://www.stadt-zuerich.ch/ssd/de/index/sport/schwimmen/hallenbaeder/hallenbad_city.html,83
2024-10-09 11:36:35,https://www.stadt-zuerich.ch/ssd/de/index/sport/schwimmen/hallenbaeder/hallenbad_city.html,90
2024-10-09 11:55:06,https://www.stadt-zuerich.ch/ssd/de/index/sport/schwimmen/hallenbaeder/hallenbad_city.html,81
2024-10-09 12:50:01,https://www.stadt-zuerich.ch/ssd/de/index/sport/schwimmen/hallenbaeder/hallenbad_city.html,85
2024-10-09 13:14:45,https://www.stadt-zuerich.ch/ssd/de/index/sport/schwimmen/hallenbaeder/hallenbad_city.html,75
2024-10-09 13:41:34,https://www.stadt-zuerich.ch/ssd/de/index/sport/schwimmen/hallenbaeder/hallenbad_city.html,66
2024-10-09 13:54:38,https://www.stadt-zuerich.ch/ssd/de/index/sport/schwimmen/hallenbaeder/hallenbad_city.html,68
2024-10-09 14:28:11,https://www.stadt-zuerich.ch/ssd/de/index/sport/schwimmen/hallenbaeder/hallenbad_city.html,80
2024-10-09 14:40:47,https://www.stadt-zuerich.ch/ssd/de/index/sport/schwimmen/hallenbaeder/hallenbad_city.html,94
2024-10-09 14:54:47,https://www.stadt-zuerich.ch/ssd/de/index/sport/schwimmen/hallenbaeder/hallenbad_city.html,107
2024-10-09 15:28:43,https://www.stadt-zuerich.ch/ssd/de/index/sport/schwimmen/hallenbaeder/hallenbad_city.html,106
2024-10-09 15:40:24,https://www.stadt-zuerich.ch/ssd/de/index/sport/schwimmen/hallenbaeder/hallenbad_city.html,120
2024-10-09 15:54:41,https://www.stadt-zuerich.ch/ssd/de/index/sport/schwimmen/hallenbaeder/hallenbad_city.html,121
2024-10-09 16:32:21,https://www.stadt-zuerich.ch/ssd/de/index/sport/schwimmen/hallenbaeder/hallenbad_city.html,152
2024-10-09 16:54:43,https://www.stadt-zuerich.ch/ssd/de/index/sport/schwimmen/hallenbaeder/hallenbad_city.html,161
2024-10-09 17:40:23,https://www.stadt-zuerich.ch/ssd/de/index/sport/schwimmen/hallenbaeder/hallenbad_city.html,172
2024-10-09 17:54:47,https://www.stadt-zuerich.ch/ssd/de/index/sport/schwimmen/hallenbaeder/hallenbad_city.html,180
2024-10-09 18:34:36,https://www.stadt-zuerich.ch/ssd/de/index/sport/schwimmen/hallenbaeder/hallenbad_city.html,147
2024-10-09 18:54:20,https://www.stadt-zuerich.ch/ssd/de/index/sport/schwimmen/hallenbaeder/hallenbad_city.html,136
2024-10-09 19:22:00,https://www.stadt-zuerich.ch/ssd/de/index/sport/schwimmen/hallenbaeder/hallenbad_city.html,101
2024-10-09 19:36:17,https://www.stadt-zuerich.ch/ssd/de/index/sport/schwimmen/hallenbaeder/hallenbad_city.html,75
2024-10-09 19:54:36,https://www.stadt-zuerich.ch/ssd/de/index/sport/schwimmen/hallenbaeder/hallenbad_city.html,48
2024-10-09 20:27:51,https://www.stadt-zuerich.ch/ssd/de/index/sport/schwimmen/hallenbaeder/hallenbad_city.html,0
2024-10-09 20:38:43,https://www.stadt-zuerich.ch/ssd/de/index/sport/schwimmen/hallenbaeder/hallenbad_city.html,0
2024-10-09 20:54:41,https://www.stadt-zuerich.ch/ssd/de/index/sport/schwimmen/hallenbaeder/hallenbad_city.html,1
2024-10-09 21:24:48,https://www.stadt-zuerich.ch/ssd/de/index/sport/schwimmen/hallenbaeder/hallenbad_city.html,1
2024-10-09 21:35:58,https://www.stadt-zuerich.ch/ssd/de/index/sport/schwimmen/hallenbaeder/hallenbad_city.html,1
2024-10-09 21:54:28,https://www.stadt-zuerich.ch/ssd/de/index/sport/schwimmen/hallenbaeder/hallenbad_city.html,1
2024-10-10 03:32:09,https://www.stadt-zuerich.ch/ssd/de/index/sport/schwimmen/hallenbaeder/hallenbad_city.html,0
2024-10-10 03:54:42,https://www.stadt-zuerich.ch/ssd/de/index/sport/schwimmen/hallenbaeder/hallenbad_city.html,0
2024-10-10 04:30:57,https://www.stadt-zuerich.ch/ssd/de/index/sport/schwimmen/hallenbaeder/hallenbad_city.html,77
2024-10-10 04:44:09,https://www.stadt-zuerich.ch/ssd/de/index/sport/schwimmen/hallenbaeder/hallenbad_city.html,79
2024-10-10 04:54:47,https://www.stadt-zuerich.ch/ssd/de/index/sport/schwimmen/hallenbaeder/hallenbad_city.html,89
2024-10-10 05:28:51,https://www.stadt-zuerich.ch/ssd/de/index/sport/schwimmen/hallenbaeder/hallenbad_city.html,116
2024-10-10 05:41:00,https://www.stadt-zuerich.ch/ssd/de/index/sport/schwimmen/hallenbaeder/hallenbad_city.html,102
2024-10-10 06:54:25,https://www.stadt-zuerich.ch/ssd/de/index/sport/schwimmen/hallenbaeder/hallenbad_city.html,68
2024-10-10 07:24:38,https://www.stadt-zuerich.ch/ssd/de/index/sport/schwimmen/hallenbaeder/hallenbad_city.html,65
2024-10-10 07:35:43,https://www.stadt-zuerich.ch/ssd/de/index/sport/schwimmen/hallenbaeder/hallenbad_city.html,67
2024-10-10 07:54:35,https://www.stadt-zuerich.ch/ssd/de/index/sport/schwimmen/hallenbaeder/hallenbad_city.html,70
2024-10-10 08:32:35,https://www.stadt-zuerich.ch/ssd/de/index/sport/schwimmen/hallenbaeder/hallenbad_city.html,65
2024-10-10 08:54:36,https://www.stadt-zuerich.ch/ssd/de/index/sport/schwimmen/hallenbaeder/hallenbad_city.html,63
2024-10-10 09:28:23,https://www.stadt-zuerich.ch/ssd/de/index/sport/schwimmen/hallenbaeder/hallenbad_city.html,74
2024-10-10 09:40:17,https://www.stadt-zuerich.ch/ssd/de/index/sport/schwimmen/hallenbaeder/hallenbad_city.html,84
2024-10-10 09:54:52,https://www.stadt-zuerich.ch/ssd/de/index/sport/schwimmen/hallenbaeder/hallenbad_city.html,89
2024-10-10 10:30:48,https://www.stadt-zuerich.ch/ssd/de/index/sport/schwimmen/hallenbaeder/hallenbad_city.html,96
2024-10-10 10:43:56,https://www.stadt-zuerich.ch/ssd/de/index/sport/schwimmen/hallenbaeder/hallenbad_city.html,88
2024-10-10 10:54:28,https://www.stadt-zuerich.ch/ssd/de/index/sport/schwimmen/hallenbaeder/hallenbad_city.html,95
2024-10-10 11:23:20,https://www.stadt-zuerich.ch/ssd/de/index/sport/schwimmen/hallenbaeder/hallenbad_city.html,65
2024-10-10 11:35:58,https://www.stadt-zuerich.ch/ssd/de/index/sport/schwimmen/hallenbaeder/hallenbad_city.html,61
2024-10-10 11:54:53,https://www.stadt-zuerich.ch/ssd/de/index/sport/schwimmen/hallenbaeder/hallenbad_city.html,53
2024-10-10 12:50:03,https://www.stadt-zuerich.ch/ssd/de/index/sport/schwimmen/hallenbaeder/hallenbad_city.html,71
2024-10-10 13:14:37,https://www.stadt-zuerich.ch/ssd/de/index/sport/schwimmen/hallenbaeder/hallenbad_city.html,75
2024-10-10 13:41:09,https://www.stadt-zuerich.ch/ssd/de/index/sport/schwimmen/hallenbaeder/hallenbad_city.html,99
2024-10-10 13:54:54,https://www.stadt-zuerich.ch/ssd/de/index/sport/schwimmen/hallenbaeder/hallenbad_city.html,106
2024-10-10 14:26:51,https://www.stadt-zuerich.ch/ssd/de/index/sport/schwimmen/hallenbaeder/hallenbad_city.html,110
2024-10-10 14:39:41,https://www.stadt-zuerich.ch/ssd/de/index/sport/schwimmen/hallenbaeder/hallenbad_city.html,106
2024-10-10 14:54:51,https://www.stadt-zuerich.ch/ssd/de/index/sport/schwimmen/hallenbaeder/hallenbad_city.html,97
2024-10-10 15:28:07,https://www.stadt-zuerich.ch/ssd/de/index/sport/schwimmen/hallenbaeder/hallenbad_city.html,83
2024-10-10 15:39:40,https://www.stadt-zuerich.ch/ssd/de/index/sport/schwimmen/hallenbaeder/hallenbad_city.html,83
2024-10-10 15:54:26,https://www.stadt-zuerich.ch/ssd/de/index/sport/schwimmen/hallenbaeder/hallenbad_city.html,88
2024-10-10 16:32:41,https://www.stadt-zuerich.ch/ssd/de/index/sport/schwimmen/hallenbaeder/hallenbad_city.html,115
2024-10-10 16:55:14,https://www.stadt-zuerich.ch/ssd/de/index/sport/schwimmen/hallenbaeder/hallenbad_city.html,124
2024-10-10 17:27:26,https://www.stadt-zuerich.ch/ssd/de/index/sport/schwimmen/hallenbaeder/hallenbad_city.html,121
2024-10-10 17:38:56,https://www.stadt-zuerich.ch/ssd/de/index/sport/schwimmen/hallenbaeder/hallenbad_city.html,112
2024-10-10 17:54:38,https://www.stadt-zuerich.ch/ssd/de/index/sport/schwimmen/hallenbaeder/hallenbad_city.html,125
2024-10-10 18:34:53,https://www.stadt-zuerich.ch/ssd/de/index/sport/schwimmen/hallenbaeder/hallenbad_city.html,102
2024-10-10 18:54:37,https://www.stadt-zuerich.ch/ssd/de/index/sport/schwimmen/hallenbaeder/hallenbad_city.html,94
2024-10-10 19:21:35,https://www.stadt-zuerich.ch/ssd/de/index/sport/schwimmen/hallenbaeder/hallenbad_city.html,82
2024-10-10 19:35:49,https://www.stadt-zuerich.ch/ssd/de/index/sport/schwimmen/hallenbaeder/hallenbad_city.html,73
2024-10-10 19:54:50,https://www.stadt-zuerich.ch/ssd/de/index/sport/schwimmen/hallenbaeder/hallenbad_city.html,53
2024-10-10 20:27:44,https://www.stadt-zuerich.ch/ssd/de/index/sport/schwimmen/hallenbaeder/hallenbad_city.html,0
2024-10-10 20:54:23,https://www.stadt-zuerich.ch/ssd/de/index/sport/schwimmen/hallenbaeder/hallenbad_city.html,1
2024-10-10 21:26:01,https://www.stadt-zuerich.ch/ssd/de/index/sport/schwimmen/hallenbaeder/hallenbad_city.html,1
2024-10-10 21:36:31,https://www.stadt-zuerich.ch/ssd/de/index/sport/schwimmen/hallenbaeder/hallenbad_city.html,1
2024-10-10 21:54:59,https://www.stadt-zuerich.ch/ssd/de/index/sport/schwimmen/hallenbaeder/hallenbad_city.html,1
2024-10-11 03:31:23,https://www.stadt-zuerich.ch/ssd/de/index/sport/schwimmen/hallenbaeder/hallenbad_city.html,1
2024-10-11 03:44:07,https://www.stadt-zuerich.ch/ssd/de/index/sport/schwimmen/hallenbaeder/hallenbad_city.html,3
2024-10-11 03:54:35,https://www.stadt-zuerich.ch/ssd/de/index/sport/schwimmen/hallenbaeder/hallenbad_city.html,2
2024-10-11 04:31:00,https://www.stadt-zuerich.ch/ssd/de/index/sport/schwimmen/hallenbaeder/hallenbad_city.html,82
2024-10-11 04:54:35,https://www.stadt-zuerich.ch/ssd/de/index/sport/schwimmen/hallenbaeder/hallenbad_city.html,96
2024-10-11 05:28:47,https://www.stadt-zuerich.ch/ssd/de/index/sport/schwimmen/hallenbaeder/hallenbad_city.html,119
2024-10-11 05:40:41,https://www.stadt-zuerich.ch/ssd/de/index/sport/schwimmen/hallenbaeder/hallenbad_city.html,96
2024-10-11 05:54:32,https://www.stadt-zuerich.ch/ssd/de/index/sport/schwimmen/hallenbaeder/hallenbad_city.html,78
2024-10-11 06:35:40,https://www.stadt-zuerich.ch/ssd/de/index/sport/schwimmen/hallenbaeder/hallenbad_city.html,70
2024-10-11 06:54:37,https://www.stadt-zuerich.ch/ssd/de/index/sport/schwimmen/hallenbaeder/hallenbad_city.html,61
2024-10-11 07:25:02,https://www.stadt-zuerich.ch/ssd/de/index/sport/schwimmen/hallenbaeder/hallenbad_city.html,52
2024-10-11 07:36:30,https://www.stadt-zuerich.ch/ssd/de/index/sport/schwimmen/hallenbaeder/hallenbad_city.html,53
2024-10-11 07:55:06,https://www.stadt-zuerich.ch/ssd/de/index/sport/schwimmen/hallenbaeder/hallenbad_city.html,48
2024-10-11 08:32:42,https://www.stadt-zuerich.ch/ssd/de/index/sport/schwimmen/hallenbaeder/hallenbad_city.html,70
2024-10-11 08:54:28,https://www.stadt-zuerich.ch/ssd/de/index/sport/schwimmen/hallenbaeder/hallenbad_city.html,85
2024-10-11 09:38:33,https://www.stadt-zuerich.ch/ssd/de/index/sport/schwimmen/hallenbaeder/hallenbad_city.html,94
2024-10-11 09:54:34,https://www.stadt-zuerich.ch/ssd/de/index/sport/schwimmen/hallenbaeder/hallenbad_city.html,100
2024-10-11 10:30:11,https://www.stadt-zuerich.ch/ssd/de/index/sport/schwimmen/hallenbaeder/hallenbad_city.html,89
2024-10-11 10:42:28,https://www.stadt-zuerich.ch/ssd/de/index/sport/schwimmen/hallenbaeder/hallenbad_city.html,86
2024-10-11 10:54:32,https://www.stadt-zuerich.ch/ssd/de/index/sport/schwimmen/hallenbaeder/hallenbad_city.html,84
2024-10-11 11:24:18,https://www.stadt-zuerich.ch/ssd/de/index/sport/schwimmen/hallenbaeder/hallenbad_city.html,84
2024-10-11 11:36:04,https://www.stadt-zuerich.ch/ssd/de/index/sport/schwimmen/hallenbaeder/hallenbad_city.html,81
2024-10-11 11:54:49,https://www.stadt-zuerich.ch/ssd/de/index/sport/schwimmen/hallenbaeder/hallenbad_city.html,66
2024-10-11 12:49:01,https://www.stadt-zuerich.ch/ssd/de/index/sport/schwimmen/hallenbaeder/hallenbad_city.html,58
2024-10-11 13:13:04,https://www.stadt-zuerich.ch/ssd/de/index/sport/schwimmen/hallenbaeder/hallenbad_city.html,68
2024-10-11 13:40:19,https://www.stadt-zuerich.ch/ssd/de/index/sport/schwimmen/hallenbaeder/hallenbad_city.html,85
2024-10-11 13:54:42,https://www.stadt-zuerich.ch/ssd/de/index/sport/schwimmen/hallenbaeder/hallenbad_city.html,81
2024-10-11 14:28:02,https://www.stadt-zuerich.ch/ssd/de/index/sport/schwimmen/hallenbaeder/hallenbad_city.html,67
2024-10-11 14:40:14,https://www.stadt-zuerich.ch/ssd/de/index/sport/schwimmen/hallenbaeder/hallenbad_city.html,76
2024-10-11 14:54:39,https://www.stadt-zuerich.ch/ssd/de/index/sport/schwimmen/hallenbaeder/hallenbad_city.html,75
2024-10-11 15:27:22,https://www.stadt-zuerich.ch/ssd/de/index/sport/schwimmen/hallenbaeder/hallenbad_city.html,87
2024-10-11 15:38:23,https://www.stadt-zuerich.ch/ssd/de/index/sport/schwimmen/hallenbaeder/hallenbad_city.html,88
2024-10-11 15:54:35,https://www.stadt-zuerich.ch/ssd/de/index/sport/schwimmen/hallenbaeder/hallenbad_city.html,99
2024-10-11 16:32:31,https://www.stadt-zuerich.ch/ssd/de/index/sport/schwimmen/hallenbaeder/hallenbad_city.html,99
2024-10-11 16:54:23,https://www.stadt-zuerich.ch/ssd/de/index/sport/schwimmen/hallenbaeder/hallenbad_city.html,102
2024-10-11 17:25:54,https://www.stadt-zuerich.ch/ssd/de/index/sport/schwimmen/hallenbaeder/hallenbad_city.html,92
2024-10-11 17:37:55,https://www.stadt-zuerich.ch/ssd/de/index/sport/schwimmen/hallenbaeder/hallenbad_city.html,94
2024-10-11 18:33:45,https://www.stadt-zuerich.ch/ssd/de/index/sport/schwimmen/hallenbaeder/hallenbad_city.html,86
2024-10-11 18:54:41,https://www.stadt-zuerich.ch/ssd/de/index/sport/schwimmen/hallenbaeder/hallenbad_city.html,66
2024-10-11 19:21:42,https://www.stadt-zuerich.ch/ssd/de/index/sport/schwimmen/hallenbaeder/hallenbad_city.html,41
2024-10-11 19:35:56,https://www.stadt-zuerich.ch/ssd/de/index/sport/schwimmen/hallenbaeder/hallenbad_city.html,35
2024-10-11 19:54:47,https://www.stadt-zuerich.ch/ssd/de/index/sport/schwimmen/hallenbaeder/hallenbad_city.html,11
2024-10-11 20:27:05,https://www.stadt-zuerich.ch/ssd/de/index/sport/schwimmen/hallenbaeder/hallenbad_city.html,2
2024-10-11 20:46:04,https://www.stadt-zuerich.ch/ssd/de/index/sport/schwimmen/hallenbaeder/hallenbad_city.html,2
2024-10-11 21:28:40,https://www.stadt-zuerich.ch/ssd/de/index/sport/schwimmen/hallenbaeder/hallenbad_city.html,3
2024-10-11 21:37:38,https://www.stadt-zuerich.ch/ssd/de/index/sport/schwimmen/hallenbaeder/hallenbad_city.html,3
2024-10-11 21:54:38,https://www.stadt-zuerich.ch/ssd/de/index/sport/schwimmen/hallenbaeder/hallenbad_city.html,3
2024-10-12 03:29:53,https://www.stadt-zuerich.ch/ssd/de/index/sport/schwimmen/hallenbaeder/hallenbad_city.html,0
2024-10-12 03:41:58,https://www.stadt-zuerich.ch/ssd/de/index/sport/schwimmen/hallenbaeder/hallenbad_city.html,2
2024-10-12 03:54:37,https://www.stadt-zuerich.ch/ssd/de/index/sport/schwimmen/hallenbaeder/hallenbad_city.html,1
2024-10-12 04:30:46,https://www.stadt-zuerich.ch/ssd/de/index/sport/schwimmen/hallenbaeder/hallenbad_city.html,44
2024-10-12 04:44:37,https://www.stadt-zuerich.ch/ssd/de/index/sport/schwimmen/hallenbaeder/hallenbad_city.html,46
2024-10-12 04:54:33,https://www.stadt-zuerich.ch/ssd/de/index/sport/schwimmen/hallenbaeder/hallenbad_city.html,48
2024-10-12 05:27:45,https://www.stadt-zuerich.ch/ssd/de/index/sport/schwimmen/hallenbaeder/hallenbad_city.html,46
2024-10-12 05:39:09,https://www.stadt-zuerich.ch/ssd/de/index/sport/schwimmen/hallenbaeder/hallenbad_city.html,43
2024-10-12 05:54:41,https://www.stadt-zuerich.ch/ssd/de/index/sport/schwimmen/hallenbaeder/hallenbad_city.html,43
2024-10-12 06:33:16,https://www.stadt-zuerich.ch/ssd/de/index/sport/schwimmen/hallenbaeder/hallenbad_city.html,73
2024-10-12 06:54:55,https://www.stadt-zuerich.ch/ssd/de/index/sport/schwimmen/hallenbaeder/hallenbad_city.html,87
2024-10-12 07:23:08,https://www.stadt-zuerich.ch/ssd/de/index/sport/schwimmen/hallenbaeder/hallenbad_city.html,89
2024-10-12 07:35:31,https://www.stadt-zuerich.ch/ssd/de/index/sport/schwimmen/hallenbaeder/hallenbad_city.html,91
2024-10-12 08:30:31,https://www.stadt-zuerich.ch/ssd/de/index/sport/schwimmen/hallenbaeder/hallenbad_city.html,87
2024-10-12 08:42:44,https://www.stadt-zuerich.ch/ssd/de/index/sport/schwimmen/hallenbaeder/hallenbad_city.html,85
2024-10-12 08:54:31,https://www.stadt-zuerich.ch/ssd/de/index/sport/schwimmen/hallenbaeder/hallenbad_city.html,94
2024-10-12 09:26:32,https://www.stadt-zuerich.ch/ssd/de/index/sport/schwimmen/hallenbaeder/hallenbad_city.html,95
2024-10-12 09:36:04,https://www.stadt-zuerich.ch/ssd/de/index/sport/schwimmen/hallenbaeder/hallenbad_city.html,93
2024-10-12 09:54:44,https://www.stadt-zuerich.ch/ssd/de/index/sport/schwimmen/hallenbaeder/hallenbad_city.html,100
2024-10-12 10:28:13,https://www.stadt-zuerich.ch/ssd/de/index/sport/schwimmen/hallenbaeder/hallenbad_city.html,91
2024-10-12 10:39:38,https://www.stadt-zuerich.ch/ssd/de/index/sport/schwimmen/hallenbaeder/hallenbad_city.html,89
2024-10-12 10:54:21,https://www.stadt-zuerich.ch/ssd/de/index/sport/schwimmen/hallenbaeder/hallenbad_city.html,85
2024-10-12 11:22:08,https://www.stadt-zuerich.ch/ssd/de/index/sport/schwimmen/hallenbaeder/hallenbad_city.html,81
2024-10-12 11:35:36,https://www.stadt-zuerich.ch/ssd/de/index/sport/schwimmen/hallenbaeder/hallenbad_city.html,86
2024-10-12 11:54:19,https://www.stadt-zuerich.ch/ssd/de/index/sport/schwimmen/hallenbaeder/hallenbad_city.html,80
2024-10-12 12:45:44,https://www.stadt-zuerich.ch/ssd/de/index/sport/schwimmen/hallenbaeder/hallenbad_city.html,82
2024-10-12 13:04:44,https://www.stadt-zuerich.ch/ssd/de/index/sport/schwimmen/hallenbaeder/hallenbad_city.html,86
2024-10-12 13:27:59,https://www.stadt-zuerich.ch/ssd/de/index/sport/schwimmen/hallenbaeder/hallenbad_city.html,85
2024-10-12 13:37:09,https://www.stadt-zuerich.ch/ssd/de/index/sport/schwimmen/hallenbaeder/hallenbad_city.html,98
2024-10-12 13:54:58,https://www.stadt-zuerich.ch/ssd/de/index/sport/schwimmen/hallenbaeder/hallenbad_city.html,102
2024-10-12 14:25:18,https://www.stadt-zuerich.ch/ssd/de/index/sport/schwimmen/hallenbaeder/hallenbad_city.html,106
2024-10-12 14:37:07,https://www.stadt-zuerich.ch/ssd/de/index/sport/schwimmen/hallenbaeder/hallenbad_city.html,114
2024-10-12 14:54:51,https://www.stadt-zuerich.ch/ssd/de/index/sport/schwimmen/hallenbaeder/hallenbad_city.html,115
2024-10-12 15:26:15,https://www.stadt-zuerich.ch/ssd/de/index/sport/schwimmen/hallenbaeder/hallenbad_city.html,117
2024-10-12 15:36:25,https://www.stadt-zuerich.ch/ssd/de/index/sport/schwimmen/hallenbaeder/hallenbad_city.html,117
2024-10-12 15:54:36,https://www.stadt-zuerich.ch/ssd/de/index/sport/schwimmen/hallenbaeder/hallenbad_city.html,102
2024-10-12 16:31:45,https://www.stadt-zuerich.ch/ssd/de/index/sport/schwimmen/hallenbaeder/hallenbad_city.html,88
2024-10-12 16:45:57,https://www.stadt-zuerich.ch/ssd/de/index/sport/schwimmen/hallenbaeder/hallenbad_city.html,81
2024-10-12 16:54:49,https://www.stadt-zuerich.ch/ssd/de/index/sport/schwimmen/hallenbaeder/hallenbad_city.html,78
2024-10-12 17:24:37,https://www.stadt-zuerich.ch/ssd/de/index/sport/schwimmen/hallenbaeder/hallenbad_city.html,69
2024-10-12 17:35:55,https://www.stadt-zuerich.ch/ssd/de/index/sport/schwimmen/hallenbaeder/hallenbad_city.html,54
2024-10-12 17:54:57,https://www.stadt-zuerich.ch/ssd/de/index/sport/schwimmen/hallenbaeder/hallenbad_city.html,52
2024-10-12 18:32:22,https://www.stadt-zuerich.ch/ssd/de/index/sport/schwimmen/hallenbaeder/hallenbad_city.html,59
2024-10-12 18:54:30,https://www.stadt-zuerich.ch/ssd/de/index/sport/schwimmen/hallenbaeder/hallenbad_city.html,51
2024-10-12 19:19:55,https://www.stadt-zuerich.ch/ssd/de/index/sport/schwimmen/hallenbaeder/hallenbad_city.html,38
2024-10-12 19:36:07,https://www.stadt-zuerich.ch/ssd/de/index/sport/schwimmen/hallenbaeder/hallenbad_city.html,32
2024-10-12 19:54:37,https://www.stadt-zuerich.ch/ssd/de/index/sport/schwimmen/hallenbaeder/hallenbad_city.html,22
2024-10-12 20:26:08,https://www.stadt-zuerich.ch/ssd/de/index/sport/schwimmen/hallenbaeder/hallenbad_city.html,1
2024-10-12 20:35:46,https://www.stadt-zuerich.ch/ssd/de/index/sport/schwimmen/hallenbaeder/hallenbad_city.html,1
2024-10-12 20:54:22,https://www.stadt-zuerich.ch/ssd/de/index/sport/schwimmen/hallenbaeder/hallenbad_city.html,1
2024-10-12 21:25:58,https://www.stadt-zuerich.ch/ssd/de/index/sport/schwimmen/hallenbaeder/hallenbad_city.html,2
2024-10-12 21:35:56,https://www.stadt-zuerich.ch/ssd/de/index/sport/schwimmen/hallenbaeder/hallenbad_city.html,2
2024-10-12 21:54:25,https://www.stadt-zuerich.ch/ssd/de/index/sport/schwimmen/hallenbaeder/hallenbad_city.html,2
2024-10-13 03:33:55,https://www.stadt-zuerich.ch/ssd/de/index/sport/schwimmen/hallenbaeder/hallenbad_city.html,0
2024-10-13 03:54:43,https://www.stadt-zuerich.ch/ssd/de/index/sport/schwimmen/hallenbaeder/hallenbad_city.html,0
2024-10-13 04:30:52,https://www.stadt-zuerich.ch/ssd/de/index/sport/schwimmen/hallenbaeder/hallenbad_city.html,30
2024-10-13 04:44:17,https://www.stadt-zuerich.ch/ssd/de/index/sport/schwimmen/hallenbaeder/hallenbad_city.html,31
2024-10-13 05:28:27,https://www.stadt-zuerich.ch/ssd/de/index/sport/schwimmen/hallenbaeder/hallenbad_city.html,33
2024-10-13 05:39:35,https://www.stadt-zuerich.ch/ssd/de/index/sport/schwimmen/hallenbaeder/hallenbad_city.html,32
2024-10-13 05:54:30,https://www.stadt-zuerich.ch/ssd/de/index/sport/schwimmen/hallenbaeder/hallenbad_city.html,33
2024-10-13 06:34:18,https://www.stadt-zuerich.ch/ssd/de/index/sport/schwimmen/hallenbaeder/hallenbad_city.html,47
2024-10-13 06:54:45,https://www.stadt-zuerich.ch/ssd/de/index/sport/schwimmen/hallenbaeder/hallenbad_city.html,63
2024-10-13 07:23:02,https://www.stadt-zuerich.ch/ssd/de/index/sport/schwimmen/hallenbaeder/hallenbad_city.html,96
2024-10-13 07:36:24,https://www.stadt-zuerich.ch/ssd/de/index/sport/schwimmen/hallenbaeder/hallenbad_city.html,104
2024-10-13 07:54:43,https://www.stadt-zuerich.ch/ssd/de/index/sport/schwimmen/hallenbaeder/hallenbad_city.html,103
2024-10-13 08:30:07,https://www.stadt-zuerich.ch/ssd/de/index/sport/schwimmen/hallenbaeder/hallenbad_city.html,97
2024-10-13 08:42:52,https://www.stadt-zuerich.ch/ssd/de/index/sport/schwimmen/hallenbaeder/hallenbad_city.html,92
2024-10-13 08:54:21,https://www.stadt-zuerich.ch/ssd/de/index/sport/schwimmen/hallenbaeder/hallenbad_city.html,95
2024-10-13 09:26:02,https://www.stadt-zuerich.ch/ssd/de/index/sport/schwimmen/hallenbaeder/hallenbad_city.html,104
2024-10-13 09:35:48,https://www.stadt-zuerich.ch/ssd/de/index/sport/schwimmen/hallenbaeder/hallenbad_city.html,106
2024-10-13 09:54:33,https://www.stadt-zuerich.ch/ssd/de/index/sport/schwimmen/hallenbaeder/hallenbad_city.html,101
2024-10-13 10:28:32,https://www.stadt-zuerich.ch/ssd/de/index/sport/schwimmen/hallenbaeder/hallenbad_city.html,101
2024-10-13 10:39:50,https://www.stadt-zuerich.ch/ssd/de/index/sport/schwimmen/hallenbaeder/hallenbad_city.html,104
2024-10-13 10:54:57,https://www.stadt-zuerich.ch/ssd/de/index/sport/schwimmen/hallenbaeder/hallenbad_city.html,93
2024-10-13 11:20:59,https://www.stadt-zuerich.ch/ssd/de/index/sport/schwimmen/hallenbaeder/hallenbad_city.html,103
2024-10-13 11:35:42,https://www.stadt-zuerich.ch/ssd/de/index/sport/schwimmen/hallenbaeder/hallenbad_city.html,91
2024-10-13 11:54:40,https://www.stadt-zuerich.ch/ssd/de/index/sport/schwimmen/hallenbaeder/hallenbad_city.html,77
2024-10-13 12:46:11,https://www.stadt-zuerich.ch/ssd/de/index/sport/schwimmen/hallenbaeder/hallenbad_city.html,106
2024-10-13 13:06:51,https://www.stadt-zuerich.ch/ssd/de/index/sport/schwimmen/hallenbaeder/hallenbad_city.html,102
2024-10-13 13:29:03,https://www.stadt-zuerich.ch/ssd/de/index/sport/schwimmen/hallenbaeder/hallenbad_city.html,123
2024-10-13 13:38:50,https://www.stadt-zuerich.ch/ssd/de/index/sport/schwimmen/hallenbaeder/hallenbad_city.html,118
2024-10-13 13:54:55,https://www.stadt-zuerich.ch/ssd/de/index/sport/schwimmen/hallenbaeder/hallenbad_city.html,122
2024-10-13 14:25:37,https://www.stadt-zuerich.ch/ssd/de/index/sport/schwimmen/hallenbaeder/hallenbad_city.html,127
2024-10-13 14:54:22,https://www.stadt-zuerich.ch/ssd/de/index/sport/schwimmen/hallenbaeder/hallenbad_city.html,123
2024-10-13 15:28:18,https://www.stadt-zuerich.ch/ssd/de/index/sport/schwimmen/hallenbaeder/hallenbad_city.html,138
2024-10-13 15:40:07,https://www.stadt-zuerich.ch/ssd/de/index/sport/schwimmen/hallenbaeder/hallenbad_city.html,143
2024-10-13 15:54:29,https://www.stadt-zuerich.ch/ssd/de/index/sport/schwimmen/hallenbaeder/hallenbad_city.html,141
2024-10-13 16:30:43,https://www.stadt-zuerich.ch/ssd/de/index/sport/schwimmen/hallenbaeder/hallenbad_city.html,159
2024-10-13 16:44:20,https://www.stadt-zuerich.ch/ssd/de/index/sport/schwimmen/hallenbaeder/hallenbad_city.html,151
2024-10-13 16:54:19,https://www.stadt-zuerich.ch/ssd/de/index/sport/schwimmen/hallenbaeder/hallenbad_city.html,134
2024-10-13 17:24:35,https://www.stadt-zuerich.ch/ssd/de/index/sport/schwimmen/hallenbaeder/hallenbad_city.html,114
2024-10-13 17:36:33,https://www.stadt-zuerich.ch/ssd/de/index/sport/schwimmen/hallenbaeder/hallenbad_city.html,94
2024-10-13 17:54:42,https://www.stadt-zuerich.ch/ssd/de/index/sport/schwimmen/hallenbaeder/hallenbad_city.html,88
2024-10-13 18:32:17,https://www.stadt-zuerich.ch/ssd/de/index/sport/schwimmen/hallenbaeder/hallenbad_city.html,83
2024-10-13 18:54:18,https://www.stadt-zuerich.ch/ssd/de/index/sport/schwimmen/hallenbaeder/hallenbad_city.html,80
2024-10-13 19:35:31,https://www.stadt-zuerich.ch/ssd/de/index/sport/schwimmen/hallenbaeder/hallenbad_city.html,36
2024-10-13 19:54:22,https://www.stadt-zuerich.ch/ssd/de/index/sport/schwimmen/hallenbaeder/hallenbad_city.html,22
2024-10-13 20:26:33,https://www.stadt-zuerich.ch/ssd/de/index/sport/schwimmen/hallenbaeder/hallenbad_city.html,0
2024-10-13 20:36:29,https://www.stadt-zuerich.ch/ssd/de/index/sport/schwimmen/hallenbaeder/hallenbad_city.html,0
2024-10-13 20:54:40,https://www.stadt-zuerich.ch/ssd/de/index/sport/schwimmen/hallenbaeder/hallenbad_city.html,0
2024-10-13 21:24:32,https://www.stadt-zuerich.ch/ssd/de/index/sport/schwimmen/hallenbaeder/hallenbad_city.html,2
2024-10-13 21:54:48,https://www.stadt-zuerich.ch/ssd/de/index/sport/schwimmen/hallenbaeder/hallenbad_city.html,2
2024-10-14 03:54:53,https://www.stadt-zuerich.ch/ssd/de/index/sport/schwimmen/hallenbaeder/hallenbad_city.html,1
2024-10-14 04:31:18,https://www.stadt-zuerich.ch/ssd/de/index/sport/schwimmen/hallenbaeder/hallenbad_city.html,69
2024-10-14 04:45:18,https://www.stadt-zuerich.ch/ssd/de/index/sport/schwimmen/hallenbaeder/hallenbad_city.html,76
2024-10-14 04:54:27,https://www.stadt-zuerich.ch/ssd/de/index/sport/schwimmen/hallenbaeder/hallenbad_city.html,83
2024-10-14 05:29:31,https://www.stadt-zuerich.ch/ssd/de/index/sport/schwimmen/hallenbaeder/hallenbad_city.html,87
2024-10-14 05:41:43,https://www.stadt-zuerich.ch/ssd/de/index/sport/schwimmen/hallenbaeder/hallenbad_city.html,81
2024-10-14 05:54:25,https://www.stadt-zuerich.ch/ssd/de/index/sport/schwimmen/hallenbaeder/hallenbad_city.html,61
2024-10-14 06:37:18,https://www.stadt-zuerich.ch/ssd/de/index/sport/schwimmen/hallenbaeder/hallenbad_city.html,38
2024-10-14 06:55:17,https://www.stadt-zuerich.ch/ssd/de/index/sport/schwimmen/hallenbaeder/hallenbad_city.html,43
2024-10-14 07:28:31,https://www.stadt-zuerich.ch/ssd/de/index/sport/schwimmen/hallenbaeder/hallenbad_city.html,56
2024-10-14 07:40:15,https://www.stadt-zuerich.ch/ssd/de/index/sport/schwimmen/hallenbaeder/hallenbad_city.html,58
2024-10-14 07:54:52,https://www.stadt-zuerich.ch/ssd/de/index/sport/schwimmen/hallenbaeder/hallenbad_city.html,62
2024-10-14 08:33:32,https://www.stadt-zuerich.ch/ssd/de/index/sport/schwimmen/hallenbaeder/hallenbad_city.html,56
2024-10-14 08:55:15,https://www.stadt-zuerich.ch/ssd/de/index/sport/schwimmen/hallenbaeder/hallenbad_city.html,69
2024-10-14 09:29:07,https://www.stadt-zuerich.ch/ssd/de/index/sport/schwimmen/hallenbaeder/hallenbad_city.html,87
2024-10-14 09:40:55,https://www.stadt-zuerich.ch/ssd/de/index/sport/schwimmen/hallenbaeder/hallenbad_city.html,99
2024-10-14 09:54:36,https://www.stadt-zuerich.ch/ssd/de/index/sport/schwimmen/hallenbaeder/hallenbad_city.html,105
2024-10-14 10:32:15,https://www.stadt-zuerich.ch/ssd/de/index/sport/schwimmen/hallenbaeder/hallenbad_city.html,106
2024-10-14 10:54:45,https://www.stadt-zuerich.ch/ssd/de/index/sport/schwimmen/hallenbaeder/hallenbad_city.html,94
2024-10-14 11:23:49,https://www.stadt-zuerich.ch/ssd/de/index/sport/schwimmen/hallenbaeder/hallenbad_city.html,76
2024-10-14 11:35:45,https://www.stadt-zuerich.ch/ssd/de/index/sport/schwimmen/hallenbaeder/hallenbad_city.html,69
2024-10-14 12:50:55,https://www.stadt-zuerich.ch/ssd/de/index/sport/schwimmen/hallenbaeder/hallenbad_city.html,103
